name,label,year,GEOID,NAME,variable,estimate,moe
B01001_002,Estimate!!Total!!Male,2011,77002,ZCTA5 77002,B01001_002,9286,773
B01001_002,Estimate!!Total!!Male,2011,77003,ZCTA5 77003,B01001_002,4913,610
B01001_002,Estimate!!Total!!Male,2011,77004,ZCTA5 77004,B01001_002,14201,1027
B01001_002,Estimate!!Total!!Male,2011,77005,ZCTA5 77005,B01001_002,13203,625
B01001_002,Estimate!!Total!!Male,2011,77006,ZCTA5 77006,B01001_002,11949,825
B01001_002,Estimate!!Total!!Male,2011,77007,ZCTA5 77007,B01001_002,14234,932
B01001_002,Estimate!!Total!!Male,2011,77008,ZCTA5 77008,B01001_002,15169,860
B01001_002,Estimate!!Total!!Male,2011,77009,ZCTA5 77009,B01001_002,19843,1067
B01001_002,Estimate!!Total!!Male,2011,77010,ZCTA5 77010,B01001_002,118,62
B01001_002,Estimate!!Total!!Male,2011,77011,ZCTA5 77011,B01001_002,9952,883
B01001_002,Estimate!!Total!!Male,2011,77012,ZCTA5 77012,B01001_002,11495,898
B01001_002,Estimate!!Total!!Male,2011,77016,ZCTA5 77016,B01001_002,12944,969
B01001_002,Estimate!!Total!!Male,2011,77017,ZCTA5 77017,B01001_002,18038,1059
B01001_002,Estimate!!Total!!Male,2011,77018,ZCTA5 77018,B01001_002,13877,763
B01001_002,Estimate!!Total!!Male,2011,77019,ZCTA5 77019,B01001_002,10063,500
B01001_002,Estimate!!Total!!Male,2011,77020,ZCTA5 77020,B01001_002,14101,1013
B01001_002,Estimate!!Total!!Male,2011,77021,ZCTA5 77021,B01001_002,11602,681
B01001_002,Estimate!!Total!!Male,2011,77022,ZCTA5 77022,B01001_002,13646,878
B01001_002,Estimate!!Total!!Male,2011,77023,ZCTA5 77023,B01001_002,16139,883
B01001_002,Estimate!!Total!!Male,2011,77024,ZCTA5 77024,B01001_002,16551,656
B01001_002,Estimate!!Total!!Male,2011,77025,ZCTA5 77025,B01001_002,12732,619
B01001_002,Estimate!!Total!!Male,2011,77026,ZCTA5 77026,B01001_002,11886,974
B01001_002,Estimate!!Total!!Male,2011,77027,ZCTA5 77027,B01001_002,7313,628
B01001_002,Estimate!!Total!!Male,2011,77029,ZCTA5 77029,B01001_002,8663,440
B01001_002,Estimate!!Total!!Male,2011,77030,ZCTA5 77030,B01001_002,5526,599
B01001_002,Estimate!!Total!!Male,2011,77032,ZCTA5 77032,B01001_002,6134,651
B01001_002,Estimate!!Total!!Male,2011,77033,ZCTA5 77033,B01001_002,13751,906
B01001_002,Estimate!!Total!!Male,2011,77035,ZCTA5 77035,B01001_002,17534,1076
B01001_002,Estimate!!Total!!Male,2011,77036,ZCTA5 77036,B01001_002,33490,1821
B01001_002,Estimate!!Total!!Male,2011,77043,ZCTA5 77043,B01001_002,10392,952
B01001_002,Estimate!!Total!!Male,2011,77049,ZCTA5 77049,B01001_002,14222,1022
B01001_002,Estimate!!Total!!Male,2011,77054,ZCTA5 77054,B01001_002,10331,866
B01001_002,Estimate!!Total!!Male,2011,77055,ZCTA5 77055,B01001_002,21386,1325
B01001_002,Estimate!!Total!!Male,2011,77056,ZCTA5 77056,B01001_002,8583,610
B01001_002,Estimate!!Total!!Male,2011,77057,ZCTA5 77057,B01001_002,19801,1188
B01001_002,Estimate!!Total!!Male,2011,77058,ZCTA5 77058,B01001_002,8512,664
B01001_002,Estimate!!Total!!Male,2011,77061,ZCTA5 77061,B01001_002,12616,805
B01001_002,Estimate!!Total!!Male,2011,77063,ZCTA5 77063,B01001_002,17272,884
B01001_002,Estimate!!Total!!Male,2011,77064,ZCTA5 77064,B01001_002,21229,941
B01001_002,Estimate!!Total!!Male,2011,77065,ZCTA5 77065,B01001_002,17404,944
B01001_002,Estimate!!Total!!Male,2011,77066,ZCTA5 77066,B01001_002,15126,899
B01001_002,Estimate!!Total!!Male,2011,77070,ZCTA5 77070,B01001_002,21758,1202
B01001_002,Estimate!!Total!!Male,2011,77071,ZCTA5 77071,B01001_002,12062,823
B01001_002,Estimate!!Total!!Male,2011,77072,ZCTA5 77072,B01001_002,27959,1288
B01001_002,Estimate!!Total!!Male,2011,77073,ZCTA5 77073,B01001_002,17697,1043
B01001_002,Estimate!!Total!!Male,2011,77074,ZCTA5 77074,B01001_002,18125,1019
B01001_002,Estimate!!Total!!Male,2011,77075,ZCTA5 77075,B01001_002,18370,1103
B01001_002,Estimate!!Total!!Male,2011,77077,ZCTA5 77077,B01001_002,24516,1171
B01001_002,Estimate!!Total!!Male,2011,77079,ZCTA5 77079,B01001_002,14553,889
B01001_002,Estimate!!Total!!Male,2011,77081,ZCTA5 77081,B01001_002,24269,1496
B01001_002,Estimate!!Total!!Male,2011,77087,ZCTA5 77087,B01001_002,19884,1119
B01001_002,Estimate!!Total!!Male,2011,77089,ZCTA5 77089,B01001_002,25067,1247
B01001_002,Estimate!!Total!!Male,2011,77090,ZCTA5 77090,B01001_002,15160,1054
B01001_002,Estimate!!Total!!Male,2011,77091,ZCTA5 77091,B01001_002,11208,816
B01001_002,Estimate!!Total!!Male,2011,77092,ZCTA5 77092,B01001_002,16681,1063
B01001_002,Estimate!!Total!!Male,2011,77096,ZCTA5 77096,B01001_002,15364,770
B01001_002,Estimate!!Total!!Male,2011,77098,ZCTA5 77098,B01001_002,6729,807
B01001_002,Estimate!!Total!!Male,2011,77099,ZCTA5 77099,B01001_002,23432,1322
B01001_002,Estimate!!Total!!Male,2011,77201,ZCTA5 77201,B01001_002,0,95
B01001_002,Estimate!!Total!!Male,2011,77301,ZCTA5 77301,B01001_002,15546,923
B01001_002,Estimate!!Total!!Male,2011,77303,ZCTA5 77303,B01001_002,7485,834
B01001_002,Estimate!!Total!!Male,2011,77328,ZCTA5 77328,B01001_002,7413,793
B01001_002,Estimate!!Total!!Male,2011,77339,ZCTA5 77339,B01001_002,18582,896
B01001_002,Estimate!!Total!!Male,2011,77356,ZCTA5 77356,B01001_002,11329,674
B01001_002,Estimate!!Total!!Male,2011,77379,ZCTA5 77379,B01001_002,35142,1320
B01001_002,Estimate!!Total!!Male,2011,77380,ZCTA5 77380,B01001_002,11252,825
B01001_002,Estimate!!Total!!Male,2011,77381,ZCTA5 77381,B01001_002,18236,724
B01001_002,Estimate!!Total!!Male,2011,77384,ZCTA5 77384,B01001_002,5525,565
B01001_002,Estimate!!Total!!Male,2011,77401,ZCTA5 77401,B01001_002,8997,364
B01001_002,Estimate!!Total!!Male,2011,77433,ZCTA5 77433,B01001_002,22546,1237
B01001_002,Estimate!!Total!!Male,2011,77446,ZCTA5 77446,B01001_002,2146,317
B01001_002,Estimate!!Total!!Male,2011,77450,ZCTA5 77450,B01001_002,33106,1112
B01001_002,Estimate!!Total!!Male,2011,77471,ZCTA5 77471,B01001_002,16576,817
B01001_002,Estimate!!Total!!Male,2011,77474,ZCTA5 77474,B01001_002,6777,383
B01001_002,Estimate!!Total!!Male,2011,77477,ZCTA5 77477,B01001_002,17707,906
B01001_002,Estimate!!Total!!Male,2011,77478,ZCTA5 77478,B01001_002,12019,523
B01001_002,Estimate!!Total!!Male,2011,77479,ZCTA5 77479,B01001_002,36513,1022
B01001_002,Estimate!!Total!!Male,2011,77493,ZCTA5 77493,B01001_002,11511,709
B01001_002,Estimate!!Total!!Male,2011,77498,ZCTA5 77498,B01001_002,24269,1072
B01001_002,Estimate!!Total!!Male,2011,77504,ZCTA5 77504,B01001_002,11577,896
B01001_002,Estimate!!Total!!Male,2011,77505,ZCTA5 77505,B01001_002,11032,662
B01001_002,Estimate!!Total!!Male,2011,77511,ZCTA5 77511,B01001_002,22867,1046
B01001_002,Estimate!!Total!!Male,2011,77520,ZCTA5 77520,B01001_002,18851,969
B01001_002,Estimate!!Total!!Male,2011,77550,ZCTA5 77550,B01001_002,11403,596
B01001_002,Estimate!!Total!!Male,2011,77554,ZCTA5 77554,B01001_002,4536,389
B01001_002,Estimate!!Total!!Male,2011,77586,ZCTA5 77586,B01001_002,10742,486
B01001_002,Estimate!!Total!!Male,2011,77591,ZCTA5 77591,B01001_002,6163,509
B01001_002,Estimate!!Total!!Male,2012,77002,ZCTA5 77002,B01001_002,9421,656
B01001_002,Estimate!!Total!!Male,2012,77003,ZCTA5 77003,B01001_002,5061,548
B01001_002,Estimate!!Total!!Male,2012,77004,ZCTA5 77004,B01001_002,14695,1069
B01001_002,Estimate!!Total!!Male,2012,77005,ZCTA5 77005,B01001_002,13000,475
B01001_002,Estimate!!Total!!Male,2012,77006,ZCTA5 77006,B01001_002,11040,797
B01001_002,Estimate!!Total!!Male,2012,77007,ZCTA5 77007,B01001_002,15539,1074
B01001_002,Estimate!!Total!!Male,2012,77008,ZCTA5 77008,B01001_002,14889,899
B01001_002,Estimate!!Total!!Male,2012,77009,ZCTA5 77009,B01001_002,19681,886
B01001_002,Estimate!!Total!!Male,2012,77010,ZCTA5 77010,B01001_002,185,66
B01001_002,Estimate!!Total!!Male,2012,77011,ZCTA5 77011,B01001_002,9855,880
B01001_002,Estimate!!Total!!Male,2012,77012,ZCTA5 77012,B01001_002,11537,775
B01001_002,Estimate!!Total!!Male,2012,77016,ZCTA5 77016,B01001_002,13066,1052
B01001_002,Estimate!!Total!!Male,2012,77017,ZCTA5 77017,B01001_002,17770,969
B01001_002,Estimate!!Total!!Male,2012,77018,ZCTA5 77018,B01001_002,14155,859
B01001_002,Estimate!!Total!!Male,2012,77019,ZCTA5 77019,B01001_002,9784,706
B01001_002,Estimate!!Total!!Male,2012,77020,ZCTA5 77020,B01001_002,13417,1033
B01001_002,Estimate!!Total!!Male,2012,77021,ZCTA5 77021,B01001_002,11890,805
B01001_002,Estimate!!Total!!Male,2012,77022,ZCTA5 77022,B01001_002,14806,970
B01001_002,Estimate!!Total!!Male,2012,77023,ZCTA5 77023,B01001_002,15874,947
B01001_002,Estimate!!Total!!Male,2012,77024,ZCTA5 77024,B01001_002,16490,637
B01001_002,Estimate!!Total!!Male,2012,77025,ZCTA5 77025,B01001_002,12492,629
B01001_002,Estimate!!Total!!Male,2012,77026,ZCTA5 77026,B01001_002,11469,811
B01001_002,Estimate!!Total!!Male,2012,77027,ZCTA5 77027,B01001_002,7142,601
B01001_002,Estimate!!Total!!Male,2012,77029,ZCTA5 77029,B01001_002,8560,488
B01001_002,Estimate!!Total!!Male,2012,77030,ZCTA5 77030,B01001_002,5413,572
B01001_002,Estimate!!Total!!Male,2012,77032,ZCTA5 77032,B01001_002,6200,671
B01001_002,Estimate!!Total!!Male,2012,77033,ZCTA5 77033,B01001_002,13119,938
B01001_002,Estimate!!Total!!Male,2012,77035,ZCTA5 77035,B01001_002,17159,1033
B01001_002,Estimate!!Total!!Male,2012,77036,ZCTA5 77036,B01001_002,36099,1605
B01001_002,Estimate!!Total!!Male,2012,77043,ZCTA5 77043,B01001_002,11256,1234
B01001_002,Estimate!!Total!!Male,2012,77049,ZCTA5 77049,B01001_002,14622,802
B01001_002,Estimate!!Total!!Male,2012,77054,ZCTA5 77054,B01001_002,10921,1012
B01001_002,Estimate!!Total!!Male,2012,77055,ZCTA5 77055,B01001_002,21163,1195
B01001_002,Estimate!!Total!!Male,2012,77056,ZCTA5 77056,B01001_002,8295,535
B01001_002,Estimate!!Total!!Male,2012,77057,ZCTA5 77057,B01001_002,20016,1213
B01001_002,Estimate!!Total!!Male,2012,77058,ZCTA5 77058,B01001_002,8511,653
B01001_002,Estimate!!Total!!Male,2012,77061,ZCTA5 77061,B01001_002,12613,1000
B01001_002,Estimate!!Total!!Male,2012,77063,ZCTA5 77063,B01001_002,18198,1013
B01001_002,Estimate!!Total!!Male,2012,77064,ZCTA5 77064,B01001_002,21462,986
B01001_002,Estimate!!Total!!Male,2012,77065,ZCTA5 77065,B01001_002,17666,842
B01001_002,Estimate!!Total!!Male,2012,77066,ZCTA5 77066,B01001_002,15704,865
B01001_002,Estimate!!Total!!Male,2012,77070,ZCTA5 77070,B01001_002,22502,968
B01001_002,Estimate!!Total!!Male,2012,77071,ZCTA5 77071,B01001_002,12585,796
B01001_002,Estimate!!Total!!Male,2012,77072,ZCTA5 77072,B01001_002,28176,1324
B01001_002,Estimate!!Total!!Male,2012,77073,ZCTA5 77073,B01001_002,18788,1247
B01001_002,Estimate!!Total!!Male,2012,77074,ZCTA5 77074,B01001_002,17120,1138
B01001_002,Estimate!!Total!!Male,2012,77075,ZCTA5 77075,B01001_002,18722,1207
B01001_002,Estimate!!Total!!Male,2012,77077,ZCTA5 77077,B01001_002,25325,1163
B01001_002,Estimate!!Total!!Male,2012,77079,ZCTA5 77079,B01001_002,14619,762
B01001_002,Estimate!!Total!!Male,2012,77081,ZCTA5 77081,B01001_002,23625,1556
B01001_002,Estimate!!Total!!Male,2012,77087,ZCTA5 77087,B01001_002,20240,998
B01001_002,Estimate!!Total!!Male,2012,77089,ZCTA5 77089,B01001_002,25202,1260
B01001_002,Estimate!!Total!!Male,2012,77090,ZCTA5 77090,B01001_002,15738,1101
B01001_002,Estimate!!Total!!Male,2012,77091,ZCTA5 77091,B01001_002,10802,779
B01001_002,Estimate!!Total!!Male,2012,77092,ZCTA5 77092,B01001_002,17143,1026
B01001_002,Estimate!!Total!!Male,2012,77096,ZCTA5 77096,B01001_002,16252,886
B01001_002,Estimate!!Total!!Male,2012,77098,ZCTA5 77098,B01001_002,6722,799
B01001_002,Estimate!!Total!!Male,2012,77099,ZCTA5 77099,B01001_002,22694,1251
B01001_002,Estimate!!Total!!Male,2012,77201,ZCTA5 77201,B01001_002,0,13
B01001_002,Estimate!!Total!!Male,2012,77301,ZCTA5 77301,B01001_002,16240,990
B01001_002,Estimate!!Total!!Male,2012,77303,ZCTA5 77303,B01001_002,7851,859
B01001_002,Estimate!!Total!!Male,2012,77328,ZCTA5 77328,B01001_002,8077,775
B01001_002,Estimate!!Total!!Male,2012,77339,ZCTA5 77339,B01001_002,19045,884
B01001_002,Estimate!!Total!!Male,2012,77356,ZCTA5 77356,B01001_002,11649,836
B01001_002,Estimate!!Total!!Male,2012,77379,ZCTA5 77379,B01001_002,35943,1269
B01001_002,Estimate!!Total!!Male,2012,77380,ZCTA5 77380,B01001_002,11632,939
B01001_002,Estimate!!Total!!Male,2012,77381,ZCTA5 77381,B01001_002,17629,724
B01001_002,Estimate!!Total!!Male,2012,77384,ZCTA5 77384,B01001_002,5617,609
B01001_002,Estimate!!Total!!Male,2012,77401,ZCTA5 77401,B01001_002,8840,327
B01001_002,Estimate!!Total!!Male,2012,77433,ZCTA5 77433,B01001_002,25052,1084
B01001_002,Estimate!!Total!!Male,2012,77446,ZCTA5 77446,B01001_002,2156,304
B01001_002,Estimate!!Total!!Male,2012,77450,ZCTA5 77450,B01001_002,33593,1051
B01001_002,Estimate!!Total!!Male,2012,77471,ZCTA5 77471,B01001_002,16834,880
B01001_002,Estimate!!Total!!Male,2012,77474,ZCTA5 77474,B01001_002,6581,468
B01001_002,Estimate!!Total!!Male,2012,77477,ZCTA5 77477,B01001_002,17415,934
B01001_002,Estimate!!Total!!Male,2012,77478,ZCTA5 77478,B01001_002,11582,614
B01001_002,Estimate!!Total!!Male,2012,77479,ZCTA5 77479,B01001_002,37129,1277
B01001_002,Estimate!!Total!!Male,2012,77493,ZCTA5 77493,B01001_002,11279,707
B01001_002,Estimate!!Total!!Male,2012,77498,ZCTA5 77498,B01001_002,25838,964
B01001_002,Estimate!!Total!!Male,2012,77504,ZCTA5 77504,B01001_002,12175,982
B01001_002,Estimate!!Total!!Male,2012,77505,ZCTA5 77505,B01001_002,11106,699
B01001_002,Estimate!!Total!!Male,2012,77511,ZCTA5 77511,B01001_002,23702,1071
B01001_002,Estimate!!Total!!Male,2012,77520,ZCTA5 77520,B01001_002,18225,785
B01001_002,Estimate!!Total!!Male,2012,77550,ZCTA5 77550,B01001_002,10595,637
B01001_002,Estimate!!Total!!Male,2012,77554,ZCTA5 77554,B01001_002,4732,345
B01001_002,Estimate!!Total!!Male,2012,77586,ZCTA5 77586,B01001_002,10659,630
B01001_002,Estimate!!Total!!Male,2012,77591,ZCTA5 77591,B01001_002,5944,497
B01001_002,Estimate!!Total!!Male,2013,77002,ZCTA5 77002,B01001_002,9469,533
B01001_002,Estimate!!Total!!Male,2013,77003,ZCTA5 77003,B01001_002,5443,577
B01001_002,Estimate!!Total!!Male,2013,77004,ZCTA5 77004,B01001_002,15704,972
B01001_002,Estimate!!Total!!Male,2013,77005,ZCTA5 77005,B01001_002,12995,526
B01001_002,Estimate!!Total!!Male,2013,77006,ZCTA5 77006,B01001_002,11203,772
B01001_002,Estimate!!Total!!Male,2013,77007,ZCTA5 77007,B01001_002,16148,1132
B01001_002,Estimate!!Total!!Male,2013,77008,ZCTA5 77008,B01001_002,15822,1074
B01001_002,Estimate!!Total!!Male,2013,77009,ZCTA5 77009,B01001_002,20345,1167
B01001_002,Estimate!!Total!!Male,2013,77010,ZCTA5 77010,B01001_002,306,83
B01001_002,Estimate!!Total!!Male,2013,77011,ZCTA5 77011,B01001_002,10190,940
B01001_002,Estimate!!Total!!Male,2013,77012,ZCTA5 77012,B01001_002,11757,849
B01001_002,Estimate!!Total!!Male,2013,77016,ZCTA5 77016,B01001_002,12831,870
B01001_002,Estimate!!Total!!Male,2013,77017,ZCTA5 77017,B01001_002,17530,898
B01001_002,Estimate!!Total!!Male,2013,77018,ZCTA5 77018,B01001_002,13612,712
B01001_002,Estimate!!Total!!Male,2013,77019,ZCTA5 77019,B01001_002,9920,577
B01001_002,Estimate!!Total!!Male,2013,77020,ZCTA5 77020,B01001_002,13757,975
B01001_002,Estimate!!Total!!Male,2013,77021,ZCTA5 77021,B01001_002,11725,614
B01001_002,Estimate!!Total!!Male,2013,77022,ZCTA5 77022,B01001_002,14223,975
B01001_002,Estimate!!Total!!Male,2013,77023,ZCTA5 77023,B01001_002,15294,982
B01001_002,Estimate!!Total!!Male,2013,77024,ZCTA5 77024,B01001_002,16918,703
B01001_002,Estimate!!Total!!Male,2013,77025,ZCTA5 77025,B01001_002,12720,773
B01001_002,Estimate!!Total!!Male,2013,77026,ZCTA5 77026,B01001_002,11219,765
B01001_002,Estimate!!Total!!Male,2013,77027,ZCTA5 77027,B01001_002,7319,692
B01001_002,Estimate!!Total!!Male,2013,77029,ZCTA5 77029,B01001_002,9039,546
B01001_002,Estimate!!Total!!Male,2013,77030,ZCTA5 77030,B01001_002,4965,498
B01001_002,Estimate!!Total!!Male,2013,77032,ZCTA5 77032,B01001_002,6518,667
B01001_002,Estimate!!Total!!Male,2013,77033,ZCTA5 77033,B01001_002,12623,853
B01001_002,Estimate!!Total!!Male,2013,77035,ZCTA5 77035,B01001_002,16685,870
B01001_002,Estimate!!Total!!Male,2013,77036,ZCTA5 77036,B01001_002,36312,1553
B01001_002,Estimate!!Total!!Male,2013,77043,ZCTA5 77043,B01001_002,11763,867
B01001_002,Estimate!!Total!!Male,2013,77049,ZCTA5 77049,B01001_002,14911,828
B01001_002,Estimate!!Total!!Male,2013,77054,ZCTA5 77054,B01001_002,10895,891
B01001_002,Estimate!!Total!!Male,2013,77055,ZCTA5 77055,B01001_002,21889,1102
B01001_002,Estimate!!Total!!Male,2013,77056,ZCTA5 77056,B01001_002,9056,651
B01001_002,Estimate!!Total!!Male,2013,77057,ZCTA5 77057,B01001_002,20437,1218
B01001_002,Estimate!!Total!!Male,2013,77058,ZCTA5 77058,B01001_002,8610,534
B01001_002,Estimate!!Total!!Male,2013,77061,ZCTA5 77061,B01001_002,12898,939
B01001_002,Estimate!!Total!!Male,2013,77063,ZCTA5 77063,B01001_002,18420,1071
B01001_002,Estimate!!Total!!Male,2013,77064,ZCTA5 77064,B01001_002,23118,1199
B01001_002,Estimate!!Total!!Male,2013,77065,ZCTA5 77065,B01001_002,18391,1008
B01001_002,Estimate!!Total!!Male,2013,77066,ZCTA5 77066,B01001_002,15354,846
B01001_002,Estimate!!Total!!Male,2013,77070,ZCTA5 77070,B01001_002,22977,1344
B01001_002,Estimate!!Total!!Male,2013,77071,ZCTA5 77071,B01001_002,12414,848
B01001_002,Estimate!!Total!!Male,2013,77072,ZCTA5 77072,B01001_002,28798,1727
B01001_002,Estimate!!Total!!Male,2013,77073,ZCTA5 77073,B01001_002,19372,1284
B01001_002,Estimate!!Total!!Male,2013,77074,ZCTA5 77074,B01001_002,18437,1310
B01001_002,Estimate!!Total!!Male,2013,77075,ZCTA5 77075,B01001_002,19713,1066
B01001_002,Estimate!!Total!!Male,2013,77077,ZCTA5 77077,B01001_002,25837,1155
B01001_002,Estimate!!Total!!Male,2013,77079,ZCTA5 77079,B01001_002,14616,940
B01001_002,Estimate!!Total!!Male,2013,77081,ZCTA5 77081,B01001_002,23489,1250
B01001_002,Estimate!!Total!!Male,2013,77087,ZCTA5 77087,B01001_002,19647,893
B01001_002,Estimate!!Total!!Male,2013,77089,ZCTA5 77089,B01001_002,25535,1275
B01001_002,Estimate!!Total!!Male,2013,77090,ZCTA5 77090,B01001_002,15641,960
B01001_002,Estimate!!Total!!Male,2013,77091,ZCTA5 77091,B01001_002,10546,727
B01001_002,Estimate!!Total!!Male,2013,77092,ZCTA5 77092,B01001_002,17639,1341
B01001_002,Estimate!!Total!!Male,2013,77096,ZCTA5 77096,B01001_002,16989,879
B01001_002,Estimate!!Total!!Male,2013,77098,ZCTA5 77098,B01001_002,6851,616
B01001_002,Estimate!!Total!!Male,2013,77099,ZCTA5 77099,B01001_002,22004,1446
B01001_002,Estimate!!Total!!Male,2013,77201,ZCTA5 77201,B01001_002,0,13
B01001_002,Estimate!!Total!!Male,2013,77301,ZCTA5 77301,B01001_002,15682,808
B01001_002,Estimate!!Total!!Male,2013,77303,ZCTA5 77303,B01001_002,7890,768
B01001_002,Estimate!!Total!!Male,2013,77328,ZCTA5 77328,B01001_002,7955,954
B01001_002,Estimate!!Total!!Male,2013,77339,ZCTA5 77339,B01001_002,19828,876
B01001_002,Estimate!!Total!!Male,2013,77356,ZCTA5 77356,B01001_002,12035,737
B01001_002,Estimate!!Total!!Male,2013,77379,ZCTA5 77379,B01001_002,36468,1449
B01001_002,Estimate!!Total!!Male,2013,77380,ZCTA5 77380,B01001_002,12342,960
B01001_002,Estimate!!Total!!Male,2013,77381,ZCTA5 77381,B01001_002,18098,763
B01001_002,Estimate!!Total!!Male,2013,77384,ZCTA5 77384,B01001_002,5934,616
B01001_002,Estimate!!Total!!Male,2013,77401,ZCTA5 77401,B01001_002,8888,320
B01001_002,Estimate!!Total!!Male,2013,77433,ZCTA5 77433,B01001_002,27389,1484
B01001_002,Estimate!!Total!!Male,2013,77446,ZCTA5 77446,B01001_002,1756,576
B01001_002,Estimate!!Total!!Male,2013,77450,ZCTA5 77450,B01001_002,33314,1182
B01001_002,Estimate!!Total!!Male,2013,77471,ZCTA5 77471,B01001_002,16755,771
B01001_002,Estimate!!Total!!Male,2013,77474,ZCTA5 77474,B01001_002,6576,471
B01001_002,Estimate!!Total!!Male,2013,77477,ZCTA5 77477,B01001_002,17666,857
B01001_002,Estimate!!Total!!Male,2013,77478,ZCTA5 77478,B01001_002,11522,635
B01001_002,Estimate!!Total!!Male,2013,77479,ZCTA5 77479,B01001_002,38756,1296
B01001_002,Estimate!!Total!!Male,2013,77493,ZCTA5 77493,B01001_002,11785,775
B01001_002,Estimate!!Total!!Male,2013,77498,ZCTA5 77498,B01001_002,26285,1185
B01001_002,Estimate!!Total!!Male,2013,77504,ZCTA5 77504,B01001_002,12323,876
B01001_002,Estimate!!Total!!Male,2013,77505,ZCTA5 77505,B01001_002,11517,699
B01001_002,Estimate!!Total!!Male,2013,77511,ZCTA5 77511,B01001_002,23438,953
B01001_002,Estimate!!Total!!Male,2013,77520,ZCTA5 77520,B01001_002,18812,732
B01001_002,Estimate!!Total!!Male,2013,77550,ZCTA5 77550,B01001_002,10876,569
B01001_002,Estimate!!Total!!Male,2013,77554,ZCTA5 77554,B01001_002,4536,430
B01001_002,Estimate!!Total!!Male,2013,77586,ZCTA5 77586,B01001_002,11134,458
B01001_002,Estimate!!Total!!Male,2013,77591,ZCTA5 77591,B01001_002,6356,511
B01001_002,Estimate!!Total!!Male,2014,77002,ZCTA5 77002,B01001_002,9660,596
B01001_002,Estimate!!Total!!Male,2014,77003,ZCTA5 77003,B01001_002,5387,624
B01001_002,Estimate!!Total!!Male,2014,77004,ZCTA5 77004,B01001_002,17080,1085
B01001_002,Estimate!!Total!!Male,2014,77005,ZCTA5 77005,B01001_002,13334,600
B01001_002,Estimate!!Total!!Male,2014,77006,ZCTA5 77006,B01001_002,11586,754
B01001_002,Estimate!!Total!!Male,2014,77007,ZCTA5 77007,B01001_002,16781,969
B01001_002,Estimate!!Total!!Male,2014,77008,ZCTA5 77008,B01001_002,15680,908
B01001_002,Estimate!!Total!!Male,2014,77009,ZCTA5 77009,B01001_002,20232,997
B01001_002,Estimate!!Total!!Male,2014,77010,ZCTA5 77010,B01001_002,413,93
B01001_002,Estimate!!Total!!Male,2014,77011,ZCTA5 77011,B01001_002,10326,976
B01001_002,Estimate!!Total!!Male,2014,77012,ZCTA5 77012,B01001_002,11339,917
B01001_002,Estimate!!Total!!Male,2014,77016,ZCTA5 77016,B01001_002,12963,1008
B01001_002,Estimate!!Total!!Male,2014,77017,ZCTA5 77017,B01001_002,17504,1044
B01001_002,Estimate!!Total!!Male,2014,77018,ZCTA5 77018,B01001_002,13922,752
B01001_002,Estimate!!Total!!Male,2014,77019,ZCTA5 77019,B01001_002,9899,639
B01001_002,Estimate!!Total!!Male,2014,77020,ZCTA5 77020,B01001_002,14314,1132
B01001_002,Estimate!!Total!!Male,2014,77021,ZCTA5 77021,B01001_002,12263,644
B01001_002,Estimate!!Total!!Male,2014,77022,ZCTA5 77022,B01001_002,13838,1008
B01001_002,Estimate!!Total!!Male,2014,77023,ZCTA5 77023,B01001_002,14592,918
B01001_002,Estimate!!Total!!Male,2014,77024,ZCTA5 77024,B01001_002,17831,601
B01001_002,Estimate!!Total!!Male,2014,77025,ZCTA5 77025,B01001_002,13192,630
B01001_002,Estimate!!Total!!Male,2014,77026,ZCTA5 77026,B01001_002,11493,759
B01001_002,Estimate!!Total!!Male,2014,77027,ZCTA5 77027,B01001_002,7414,657
B01001_002,Estimate!!Total!!Male,2014,77029,ZCTA5 77029,B01001_002,8685,517
B01001_002,Estimate!!Total!!Male,2014,77030,ZCTA5 77030,B01001_002,4784,500
B01001_002,Estimate!!Total!!Male,2014,77032,ZCTA5 77032,B01001_002,6175,652
B01001_002,Estimate!!Total!!Male,2014,77033,ZCTA5 77033,B01001_002,12425,720
B01001_002,Estimate!!Total!!Male,2014,77035,ZCTA5 77035,B01001_002,17619,866
B01001_002,Estimate!!Total!!Male,2014,77036,ZCTA5 77036,B01001_002,37841,1468
B01001_002,Estimate!!Total!!Male,2014,77043,ZCTA5 77043,B01001_002,12519,886
B01001_002,Estimate!!Total!!Male,2014,77049,ZCTA5 77049,B01001_002,14975,948
B01001_002,Estimate!!Total!!Male,2014,77054,ZCTA5 77054,B01001_002,11457,1059
B01001_002,Estimate!!Total!!Male,2014,77055,ZCTA5 77055,B01001_002,22308,930
B01001_002,Estimate!!Total!!Male,2014,77056,ZCTA5 77056,B01001_002,8894,695
B01001_002,Estimate!!Total!!Male,2014,77057,ZCTA5 77057,B01001_002,20335,1094
B01001_002,Estimate!!Total!!Male,2014,77058,ZCTA5 77058,B01001_002,8622,558
B01001_002,Estimate!!Total!!Male,2014,77061,ZCTA5 77061,B01001_002,13291,914
B01001_002,Estimate!!Total!!Male,2014,77063,ZCTA5 77063,B01001_002,18722,944
B01001_002,Estimate!!Total!!Male,2014,77064,ZCTA5 77064,B01001_002,22823,1360
B01001_002,Estimate!!Total!!Male,2014,77065,ZCTA5 77065,B01001_002,19134,1094
B01001_002,Estimate!!Total!!Male,2014,77066,ZCTA5 77066,B01001_002,16165,815
B01001_002,Estimate!!Total!!Male,2014,77070,ZCTA5 77070,B01001_002,23675,1289
B01001_002,Estimate!!Total!!Male,2014,77071,ZCTA5 77071,B01001_002,12685,868
B01001_002,Estimate!!Total!!Male,2014,77072,ZCTA5 77072,B01001_002,30992,1542
B01001_002,Estimate!!Total!!Male,2014,77073,ZCTA5 77073,B01001_002,20778,1255
B01001_002,Estimate!!Total!!Male,2014,77074,ZCTA5 77074,B01001_002,18424,1302
B01001_002,Estimate!!Total!!Male,2014,77075,ZCTA5 77075,B01001_002,19960,1065
B01001_002,Estimate!!Total!!Male,2014,77077,ZCTA5 77077,B01001_002,25589,1025
B01001_002,Estimate!!Total!!Male,2014,77079,ZCTA5 77079,B01001_002,15335,908
B01001_002,Estimate!!Total!!Male,2014,77081,ZCTA5 77081,B01001_002,24075,1300
B01001_002,Estimate!!Total!!Male,2014,77087,ZCTA5 77087,B01001_002,18700,849
B01001_002,Estimate!!Total!!Male,2014,77089,ZCTA5 77089,B01001_002,25841,1179
B01001_002,Estimate!!Total!!Male,2014,77090,ZCTA5 77090,B01001_002,16126,1054
B01001_002,Estimate!!Total!!Male,2014,77091,ZCTA5 77091,B01001_002,10837,851
B01001_002,Estimate!!Total!!Male,2014,77092,ZCTA5 77092,B01001_002,17643,1288
B01001_002,Estimate!!Total!!Male,2014,77096,ZCTA5 77096,B01001_002,17778,1021
B01001_002,Estimate!!Total!!Male,2014,77098,ZCTA5 77098,B01001_002,6930,561
B01001_002,Estimate!!Total!!Male,2014,77099,ZCTA5 77099,B01001_002,22816,1575
B01001_002,Estimate!!Total!!Male,2014,77201,ZCTA5 77201,B01001_002,0,13
B01001_002,Estimate!!Total!!Male,2014,77301,ZCTA5 77301,B01001_002,15992,985
B01001_002,Estimate!!Total!!Male,2014,77303,ZCTA5 77303,B01001_002,8871,873
B01001_002,Estimate!!Total!!Male,2014,77328,ZCTA5 77328,B01001_002,8894,875
B01001_002,Estimate!!Total!!Male,2014,77339,ZCTA5 77339,B01001_002,20131,1109
B01001_002,Estimate!!Total!!Male,2014,77356,ZCTA5 77356,B01001_002,11937,713
B01001_002,Estimate!!Total!!Male,2014,77379,ZCTA5 77379,B01001_002,36774,1353
B01001_002,Estimate!!Total!!Male,2014,77380,ZCTA5 77380,B01001_002,13499,1139
B01001_002,Estimate!!Total!!Male,2014,77381,ZCTA5 77381,B01001_002,17984,731
B01001_002,Estimate!!Total!!Male,2014,77384,ZCTA5 77384,B01001_002,6007,698
B01001_002,Estimate!!Total!!Male,2014,77401,ZCTA5 77401,B01001_002,8950,330
B01001_002,Estimate!!Total!!Male,2014,77433,ZCTA5 77433,B01001_002,30062,1498
B01001_002,Estimate!!Total!!Male,2014,77446,ZCTA5 77446,B01001_002,1832,514
B01001_002,Estimate!!Total!!Male,2014,77450,ZCTA5 77450,B01001_002,35041,1230
B01001_002,Estimate!!Total!!Male,2014,77471,ZCTA5 77471,B01001_002,17905,833
B01001_002,Estimate!!Total!!Male,2014,77474,ZCTA5 77474,B01001_002,6501,407
B01001_002,Estimate!!Total!!Male,2014,77477,ZCTA5 77477,B01001_002,17702,870
B01001_002,Estimate!!Total!!Male,2014,77478,ZCTA5 77478,B01001_002,11848,727
B01001_002,Estimate!!Total!!Male,2014,77479,ZCTA5 77479,B01001_002,40097,1242
B01001_002,Estimate!!Total!!Male,2014,77493,ZCTA5 77493,B01001_002,11962,763
B01001_002,Estimate!!Total!!Male,2014,77498,ZCTA5 77498,B01001_002,26562,1244
B01001_002,Estimate!!Total!!Male,2014,77504,ZCTA5 77504,B01001_002,12408,885
B01001_002,Estimate!!Total!!Male,2014,77505,ZCTA5 77505,B01001_002,11526,677
B01001_002,Estimate!!Total!!Male,2014,77511,ZCTA5 77511,B01001_002,23825,1058
B01001_002,Estimate!!Total!!Male,2014,77520,ZCTA5 77520,B01001_002,18924,870
B01001_002,Estimate!!Total!!Male,2014,77550,ZCTA5 77550,B01001_002,10539,620
B01001_002,Estimate!!Total!!Male,2014,77554,ZCTA5 77554,B01001_002,4441,590
B01001_002,Estimate!!Total!!Male,2014,77586,ZCTA5 77586,B01001_002,10990,554
B01001_002,Estimate!!Total!!Male,2014,77591,ZCTA5 77591,B01001_002,6390,542
B01001_002,Estimate!!Total!!Male,2015,77002,ZCTA5 77002,B01001_002,9655,509
B01001_002,Estimate!!Total!!Male,2015,77003,ZCTA5 77003,B01001_002,5268,487
B01001_002,Estimate!!Total!!Male,2015,77004,ZCTA5 77004,B01001_002,17837,1034
B01001_002,Estimate!!Total!!Male,2015,77005,ZCTA5 77005,B01001_002,13795,537
B01001_002,Estimate!!Total!!Male,2015,77006,ZCTA5 77006,B01001_002,12115,768
B01001_002,Estimate!!Total!!Male,2015,77007,ZCTA5 77007,B01001_002,17232,889
B01001_002,Estimate!!Total!!Male,2015,77008,ZCTA5 77008,B01001_002,16060,800
B01001_002,Estimate!!Total!!Male,2015,77009,ZCTA5 77009,B01001_002,20586,1065
B01001_002,Estimate!!Total!!Male,2015,77010,ZCTA5 77010,B01001_002,401,88
B01001_002,Estimate!!Total!!Male,2015,77011,ZCTA5 77011,B01001_002,10641,922
B01001_002,Estimate!!Total!!Male,2015,77012,ZCTA5 77012,B01001_002,11048,1000
B01001_002,Estimate!!Total!!Male,2015,77016,ZCTA5 77016,B01001_002,12867,1083
B01001_002,Estimate!!Total!!Male,2015,77017,ZCTA5 77017,B01001_002,16983,919
B01001_002,Estimate!!Total!!Male,2015,77018,ZCTA5 77018,B01001_002,14031,727
B01001_002,Estimate!!Total!!Male,2015,77019,ZCTA5 77019,B01001_002,9884,558
B01001_002,Estimate!!Total!!Male,2015,77020,ZCTA5 77020,B01001_002,13674,860
B01001_002,Estimate!!Total!!Male,2015,77021,ZCTA5 77021,B01001_002,12291,857
B01001_002,Estimate!!Total!!Male,2015,77022,ZCTA5 77022,B01001_002,14420,869
B01001_002,Estimate!!Total!!Male,2015,77023,ZCTA5 77023,B01001_002,14046,757
B01001_002,Estimate!!Total!!Male,2015,77024,ZCTA5 77024,B01001_002,18078,645
B01001_002,Estimate!!Total!!Male,2015,77025,ZCTA5 77025,B01001_002,13546,765
B01001_002,Estimate!!Total!!Male,2015,77026,ZCTA5 77026,B01001_002,11116,697
B01001_002,Estimate!!Total!!Male,2015,77027,ZCTA5 77027,B01001_002,7442,567
B01001_002,Estimate!!Total!!Male,2015,77029,ZCTA5 77029,B01001_002,8820,588
B01001_002,Estimate!!Total!!Male,2015,77030,ZCTA5 77030,B01001_002,4748,429
B01001_002,Estimate!!Total!!Male,2015,77032,ZCTA5 77032,B01001_002,6200,739
B01001_002,Estimate!!Total!!Male,2015,77033,ZCTA5 77033,B01001_002,13091,808
B01001_002,Estimate!!Total!!Male,2015,77035,ZCTA5 77035,B01001_002,17726,897
B01001_002,Estimate!!Total!!Male,2015,77036,ZCTA5 77036,B01001_002,39121,1621
B01001_002,Estimate!!Total!!Male,2015,77043,ZCTA5 77043,B01001_002,12540,819
B01001_002,Estimate!!Total!!Male,2015,77049,ZCTA5 77049,B01001_002,15040,1005
B01001_002,Estimate!!Total!!Male,2015,77054,ZCTA5 77054,B01001_002,11959,1034
B01001_002,Estimate!!Total!!Male,2015,77055,ZCTA5 77055,B01001_002,22304,980
B01001_002,Estimate!!Total!!Male,2015,77056,ZCTA5 77056,B01001_002,9720,790
B01001_002,Estimate!!Total!!Male,2015,77057,ZCTA5 77057,B01001_002,20215,1143
B01001_002,Estimate!!Total!!Male,2015,77058,ZCTA5 77058,B01001_002,8835,653
B01001_002,Estimate!!Total!!Male,2015,77061,ZCTA5 77061,B01001_002,13027,916
B01001_002,Estimate!!Total!!Male,2015,77063,ZCTA5 77063,B01001_002,18842,936
B01001_002,Estimate!!Total!!Male,2015,77064,ZCTA5 77064,B01001_002,23473,1337
B01001_002,Estimate!!Total!!Male,2015,77065,ZCTA5 77065,B01001_002,18779,970
B01001_002,Estimate!!Total!!Male,2015,77066,ZCTA5 77066,B01001_002,16853,812
B01001_002,Estimate!!Total!!Male,2015,77070,ZCTA5 77070,B01001_002,24059,1298
B01001_002,Estimate!!Total!!Male,2015,77071,ZCTA5 77071,B01001_002,13001,839
B01001_002,Estimate!!Total!!Male,2015,77072,ZCTA5 77072,B01001_002,29951,1355
B01001_002,Estimate!!Total!!Male,2015,77073,ZCTA5 77073,B01001_002,21299,1253
B01001_002,Estimate!!Total!!Male,2015,77074,ZCTA5 77074,B01001_002,18972,1031
B01001_002,Estimate!!Total!!Male,2015,77075,ZCTA5 77075,B01001_002,20748,1093
B01001_002,Estimate!!Total!!Male,2015,77077,ZCTA5 77077,B01001_002,26100,1363
B01001_002,Estimate!!Total!!Male,2015,77079,ZCTA5 77079,B01001_002,16153,883
B01001_002,Estimate!!Total!!Male,2015,77081,ZCTA5 77081,B01001_002,24147,1204
B01001_002,Estimate!!Total!!Male,2015,77087,ZCTA5 77087,B01001_002,18486,936
B01001_002,Estimate!!Total!!Male,2015,77089,ZCTA5 77089,B01001_002,27019,1333
B01001_002,Estimate!!Total!!Male,2015,77090,ZCTA5 77090,B01001_002,16545,1266
B01001_002,Estimate!!Total!!Male,2015,77091,ZCTA5 77091,B01001_002,10939,809
B01001_002,Estimate!!Total!!Male,2015,77092,ZCTA5 77092,B01001_002,18037,914
B01001_002,Estimate!!Total!!Male,2015,77096,ZCTA5 77096,B01001_002,17944,980
B01001_002,Estimate!!Total!!Male,2015,77098,ZCTA5 77098,B01001_002,6166,596
B01001_002,Estimate!!Total!!Male,2015,77099,ZCTA5 77099,B01001_002,23345,1626
B01001_002,Estimate!!Total!!Male,2015,77201,ZCTA5 77201,B01001_002,0,13
B01001_002,Estimate!!Total!!Male,2015,77301,ZCTA5 77301,B01001_002,15994,1015
B01001_002,Estimate!!Total!!Male,2015,77303,ZCTA5 77303,B01001_002,9012,745
B01001_002,Estimate!!Total!!Male,2015,77328,ZCTA5 77328,B01001_002,8339,986
B01001_002,Estimate!!Total!!Male,2015,77339,ZCTA5 77339,B01001_002,19696,1016
B01001_002,Estimate!!Total!!Male,2015,77356,ZCTA5 77356,B01001_002,12180,776
B01001_002,Estimate!!Total!!Male,2015,77379,ZCTA5 77379,B01001_002,37972,1266
B01001_002,Estimate!!Total!!Male,2015,77380,ZCTA5 77380,B01001_002,13768,1100
B01001_002,Estimate!!Total!!Male,2015,77381,ZCTA5 77381,B01001_002,17969,823
B01001_002,Estimate!!Total!!Male,2015,77384,ZCTA5 77384,B01001_002,6488,808
B01001_002,Estimate!!Total!!Male,2015,77401,ZCTA5 77401,B01001_002,9134,343
B01001_002,Estimate!!Total!!Male,2015,77433,ZCTA5 77433,B01001_002,32211,1627
B01001_002,Estimate!!Total!!Male,2015,77446,ZCTA5 77446,B01001_002,1921,520
B01001_002,Estimate!!Total!!Male,2015,77450,ZCTA5 77450,B01001_002,35018,1289
B01001_002,Estimate!!Total!!Male,2015,77471,ZCTA5 77471,B01001_002,18971,1114
B01001_002,Estimate!!Total!!Male,2015,77474,ZCTA5 77474,B01001_002,6358,369
B01001_002,Estimate!!Total!!Male,2015,77477,ZCTA5 77477,B01001_002,18137,910
B01001_002,Estimate!!Total!!Male,2015,77478,ZCTA5 77478,B01001_002,12253,702
B01001_002,Estimate!!Total!!Male,2015,77479,ZCTA5 77479,B01001_002,40545,1215
B01001_002,Estimate!!Total!!Male,2015,77493,ZCTA5 77493,B01001_002,12759,678
B01001_002,Estimate!!Total!!Male,2015,77498,ZCTA5 77498,B01001_002,26443,1341
B01001_002,Estimate!!Total!!Male,2015,77504,ZCTA5 77504,B01001_002,12434,809
B01001_002,Estimate!!Total!!Male,2015,77505,ZCTA5 77505,B01001_002,12112,812
B01001_002,Estimate!!Total!!Male,2015,77511,ZCTA5 77511,B01001_002,24066,1007
B01001_002,Estimate!!Total!!Male,2015,77520,ZCTA5 77520,B01001_002,19017,838
B01001_002,Estimate!!Total!!Male,2015,77550,ZCTA5 77550,B01001_002,10784,539
B01001_002,Estimate!!Total!!Male,2015,77554,ZCTA5 77554,B01001_002,4341,615
B01001_002,Estimate!!Total!!Male,2015,77586,ZCTA5 77586,B01001_002,11343,537
B01001_002,Estimate!!Total!!Male,2015,77591,ZCTA5 77591,B01001_002,6712,591
B01001_002,Estimate!!Total!!Male,2016,77002,ZCTA5 77002,B01001_002,9852,534
B01001_002,Estimate!!Total!!Male,2016,77003,ZCTA5 77003,B01001_002,5305,454
B01001_002,Estimate!!Total!!Male,2016,77004,ZCTA5 77004,B01001_002,18408,1166
B01001_002,Estimate!!Total!!Male,2016,77005,ZCTA5 77005,B01001_002,13917,593
B01001_002,Estimate!!Total!!Male,2016,77006,ZCTA5 77006,B01001_002,12419,796
B01001_002,Estimate!!Total!!Male,2016,77007,ZCTA5 77007,B01001_002,18320,823
B01001_002,Estimate!!Total!!Male,2016,77008,ZCTA5 77008,B01001_002,16310,880
B01001_002,Estimate!!Total!!Male,2016,77009,ZCTA5 77009,B01001_002,19721,1177
B01001_002,Estimate!!Total!!Male,2016,77010,ZCTA5 77010,B01001_002,434,102
B01001_002,Estimate!!Total!!Male,2016,77011,ZCTA5 77011,B01001_002,10268,888
B01001_002,Estimate!!Total!!Male,2016,77012,ZCTA5 77012,B01001_002,11231,979
B01001_002,Estimate!!Total!!Male,2016,77016,ZCTA5 77016,B01001_002,13934,852
B01001_002,Estimate!!Total!!Male,2016,77017,ZCTA5 77017,B01001_002,16122,774
B01001_002,Estimate!!Total!!Male,2016,77018,ZCTA5 77018,B01001_002,14208,773
B01001_002,Estimate!!Total!!Male,2016,77019,ZCTA5 77019,B01001_002,10235,501
B01001_002,Estimate!!Total!!Male,2016,77020,ZCTA5 77020,B01001_002,13418,766
B01001_002,Estimate!!Total!!Male,2016,77021,ZCTA5 77021,B01001_002,12361,825
B01001_002,Estimate!!Total!!Male,2016,77022,ZCTA5 77022,B01001_002,14198,931
B01001_002,Estimate!!Total!!Male,2016,77023,ZCTA5 77023,B01001_002,14031,701
B01001_002,Estimate!!Total!!Male,2016,77024,ZCTA5 77024,B01001_002,18211,698
B01001_002,Estimate!!Total!!Male,2016,77025,ZCTA5 77025,B01001_002,13338,773
B01001_002,Estimate!!Total!!Male,2016,77026,ZCTA5 77026,B01001_002,11490,694
B01001_002,Estimate!!Total!!Male,2016,77027,ZCTA5 77027,B01001_002,7265,558
B01001_002,Estimate!!Total!!Male,2016,77029,ZCTA5 77029,B01001_002,9150,719
B01001_002,Estimate!!Total!!Male,2016,77030,ZCTA5 77030,B01001_002,5073,444
B01001_002,Estimate!!Total!!Male,2016,77032,ZCTA5 77032,B01001_002,6382,741
B01001_002,Estimate!!Total!!Male,2016,77033,ZCTA5 77033,B01001_002,13608,759
B01001_002,Estimate!!Total!!Male,2016,77035,ZCTA5 77035,B01001_002,17925,939
B01001_002,Estimate!!Total!!Male,2016,77036,ZCTA5 77036,B01001_002,40352,1512
B01001_002,Estimate!!Total!!Male,2016,77043,ZCTA5 77043,B01001_002,13609,879
B01001_002,Estimate!!Total!!Male,2016,77049,ZCTA5 77049,B01001_002,15601,980
B01001_002,Estimate!!Total!!Male,2016,77054,ZCTA5 77054,B01001_002,11852,1000
B01001_002,Estimate!!Total!!Male,2016,77055,ZCTA5 77055,B01001_002,23304,957
B01001_002,Estimate!!Total!!Male,2016,77056,ZCTA5 77056,B01001_002,10363,748
B01001_002,Estimate!!Total!!Male,2016,77057,ZCTA5 77057,B01001_002,20705,1010
B01001_002,Estimate!!Total!!Male,2016,77058,ZCTA5 77058,B01001_002,8954,687
B01001_002,Estimate!!Total!!Male,2016,77061,ZCTA5 77061,B01001_002,13095,818
B01001_002,Estimate!!Total!!Male,2016,77063,ZCTA5 77063,B01001_002,19136,979
B01001_002,Estimate!!Total!!Male,2016,77064,ZCTA5 77064,B01001_002,23782,1194
B01001_002,Estimate!!Total!!Male,2016,77065,ZCTA5 77065,B01001_002,18433,1068
B01001_002,Estimate!!Total!!Male,2016,77066,ZCTA5 77066,B01001_002,17448,863
B01001_002,Estimate!!Total!!Male,2016,77070,ZCTA5 77070,B01001_002,24457,1257
B01001_002,Estimate!!Total!!Male,2016,77071,ZCTA5 77071,B01001_002,12626,779
B01001_002,Estimate!!Total!!Male,2016,77072,ZCTA5 77072,B01001_002,30460,1679
B01001_002,Estimate!!Total!!Male,2016,77073,ZCTA5 77073,B01001_002,20371,1321
B01001_002,Estimate!!Total!!Male,2016,77074,ZCTA5 77074,B01001_002,19633,966
B01001_002,Estimate!!Total!!Male,2016,77075,ZCTA5 77075,B01001_002,21462,1018
B01001_002,Estimate!!Total!!Male,2016,77077,ZCTA5 77077,B01001_002,26535,1278
B01001_002,Estimate!!Total!!Male,2016,77079,ZCTA5 77079,B01001_002,16052,825
B01001_002,Estimate!!Total!!Male,2016,77081,ZCTA5 77081,B01001_002,24793,1066
B01001_002,Estimate!!Total!!Male,2016,77087,ZCTA5 77087,B01001_002,19212,957
B01001_002,Estimate!!Total!!Male,2016,77089,ZCTA5 77089,B01001_002,26014,1117
B01001_002,Estimate!!Total!!Male,2016,77090,ZCTA5 77090,B01001_002,17508,1198
B01001_002,Estimate!!Total!!Male,2016,77091,ZCTA5 77091,B01001_002,11218,932
B01001_002,Estimate!!Total!!Male,2016,77092,ZCTA5 77092,B01001_002,19695,1431
B01001_002,Estimate!!Total!!Male,2016,77096,ZCTA5 77096,B01001_002,18676,1110
B01001_002,Estimate!!Total!!Male,2016,77098,ZCTA5 77098,B01001_002,6520,490
B01001_002,Estimate!!Total!!Male,2016,77099,ZCTA5 77099,B01001_002,24777,1460
B01001_002,Estimate!!Total!!Male,2016,77201,ZCTA5 77201,B01001_002,0,13
B01001_002,Estimate!!Total!!Male,2016,77301,ZCTA5 77301,B01001_002,15829,983
B01001_002,Estimate!!Total!!Male,2016,77303,ZCTA5 77303,B01001_002,9221,899
B01001_002,Estimate!!Total!!Male,2016,77328,ZCTA5 77328,B01001_002,8011,832
B01001_002,Estimate!!Total!!Male,2016,77339,ZCTA5 77339,B01001_002,20029,1068
B01001_002,Estimate!!Total!!Male,2016,77356,ZCTA5 77356,B01001_002,12245,864
B01001_002,Estimate!!Total!!Male,2016,77379,ZCTA5 77379,B01001_002,38657,1198
B01001_002,Estimate!!Total!!Male,2016,77380,ZCTA5 77380,B01001_002,13753,937
B01001_002,Estimate!!Total!!Male,2016,77381,ZCTA5 77381,B01001_002,17915,721
B01001_002,Estimate!!Total!!Male,2016,77384,ZCTA5 77384,B01001_002,7312,770
B01001_002,Estimate!!Total!!Male,2016,77401,ZCTA5 77401,B01001_002,9116,329
B01001_002,Estimate!!Total!!Male,2016,77433,ZCTA5 77433,B01001_002,34412,1400
B01001_002,Estimate!!Total!!Male,2016,77446,ZCTA5 77446,B01001_002,2269,615
B01001_002,Estimate!!Total!!Male,2016,77450,ZCTA5 77450,B01001_002,35246,1154
B01001_002,Estimate!!Total!!Male,2016,77471,ZCTA5 77471,B01001_002,19036,942
B01001_002,Estimate!!Total!!Male,2016,77474,ZCTA5 77474,B01001_002,6366,363
B01001_002,Estimate!!Total!!Male,2016,77477,ZCTA5 77477,B01001_002,18337,843
B01001_002,Estimate!!Total!!Male,2016,77478,ZCTA5 77478,B01001_002,12405,686
B01001_002,Estimate!!Total!!Male,2016,77479,ZCTA5 77479,B01001_002,41758,1052
B01001_002,Estimate!!Total!!Male,2016,77493,ZCTA5 77493,B01001_002,13501,773
B01001_002,Estimate!!Total!!Male,2016,77498,ZCTA5 77498,B01001_002,26674,1198
B01001_002,Estimate!!Total!!Male,2016,77504,ZCTA5 77504,B01001_002,12034,784
B01001_002,Estimate!!Total!!Male,2016,77505,ZCTA5 77505,B01001_002,12258,731
B01001_002,Estimate!!Total!!Male,2016,77511,ZCTA5 77511,B01001_002,23836,712
B01001_002,Estimate!!Total!!Male,2016,77520,ZCTA5 77520,B01001_002,18924,770
B01001_002,Estimate!!Total!!Male,2016,77550,ZCTA5 77550,B01001_002,10976,629
B01001_002,Estimate!!Total!!Male,2016,77554,ZCTA5 77554,B01001_002,4282,519
B01001_002,Estimate!!Total!!Male,2016,77586,ZCTA5 77586,B01001_002,10805,502
B01001_002,Estimate!!Total!!Male,2016,77591,ZCTA5 77591,B01001_002,6874,482
B01001_002,Estimate!!Total!!Male,2017,77002,ZCTA5 77002,B01001_002,10435,989
B01001_002,Estimate!!Total!!Male,2017,77003,ZCTA5 77003,B01001_002,5132,500
B01001_002,Estimate!!Total!!Male,2017,77004,ZCTA5 77004,B01001_002,18846,923
B01001_002,Estimate!!Total!!Male,2017,77005,ZCTA5 77005,B01001_002,14051,626
B01001_002,Estimate!!Total!!Male,2017,77006,ZCTA5 77006,B01001_002,12190,801
B01001_002,Estimate!!Total!!Male,2017,77007,ZCTA5 77007,B01001_002,18516,1015
B01001_002,Estimate!!Total!!Male,2017,77008,ZCTA5 77008,B01001_002,17399,889
B01001_002,Estimate!!Total!!Male,2017,77009,ZCTA5 77009,B01001_002,19989,1088
B01001_002,Estimate!!Total!!Male,2017,77010,ZCTA5 77010,B01001_002,485,116
B01001_002,Estimate!!Total!!Male,2017,77011,ZCTA5 77011,B01001_002,10215,905
B01001_002,Estimate!!Total!!Male,2017,77012,ZCTA5 77012,B01001_002,10807,785
B01001_002,Estimate!!Total!!Male,2017,77016,ZCTA5 77016,B01001_002,14886,919
B01001_002,Estimate!!Total!!Male,2017,77017,ZCTA5 77017,B01001_002,16211,826
B01001_002,Estimate!!Total!!Male,2017,77018,ZCTA5 77018,B01001_002,14210,809
B01001_002,Estimate!!Total!!Male,2017,77019,ZCTA5 77019,B01001_002,10074,600
B01001_002,Estimate!!Total!!Male,2017,77020,ZCTA5 77020,B01001_002,13544,803
B01001_002,Estimate!!Total!!Male,2017,77021,ZCTA5 77021,B01001_002,12466,799
B01001_002,Estimate!!Total!!Male,2017,77022,ZCTA5 77022,B01001_002,13856,998
B01001_002,Estimate!!Total!!Male,2017,77023,ZCTA5 77023,B01001_002,14228,789
B01001_002,Estimate!!Total!!Male,2017,77024,ZCTA5 77024,B01001_002,18547,695
B01001_002,Estimate!!Total!!Male,2017,77025,ZCTA5 77025,B01001_002,14013,807
B01001_002,Estimate!!Total!!Male,2017,77026,ZCTA5 77026,B01001_002,11685,867
B01001_002,Estimate!!Total!!Male,2017,77027,ZCTA5 77027,B01001_002,7527,575
B01001_002,Estimate!!Total!!Male,2017,77029,ZCTA5 77029,B01001_002,8538,629
B01001_002,Estimate!!Total!!Male,2017,77030,ZCTA5 77030,B01001_002,5107,525
B01001_002,Estimate!!Total!!Male,2017,77032,ZCTA5 77032,B01001_002,6953,778
B01001_002,Estimate!!Total!!Male,2017,77033,ZCTA5 77033,B01001_002,13951,829
B01001_002,Estimate!!Total!!Male,2017,77035,ZCTA5 77035,B01001_002,18655,983
B01001_002,Estimate!!Total!!Male,2017,77036,ZCTA5 77036,B01001_002,39580,1299
B01001_002,Estimate!!Total!!Male,2017,77043,ZCTA5 77043,B01001_002,13181,725
B01001_002,Estimate!!Total!!Male,2017,77049,ZCTA5 77049,B01001_002,16295,944
B01001_002,Estimate!!Total!!Male,2017,77054,ZCTA5 77054,B01001_002,11489,986
B01001_002,Estimate!!Total!!Male,2017,77055,ZCTA5 77055,B01001_002,23445,1032
B01001_002,Estimate!!Total!!Male,2017,77056,ZCTA5 77056,B01001_002,11454,850
B01001_002,Estimate!!Total!!Male,2017,77057,ZCTA5 77057,B01001_002,20755,1222
B01001_002,Estimate!!Total!!Male,2017,77058,ZCTA5 77058,B01001_002,8475,675
B01001_002,Estimate!!Total!!Male,2017,77061,ZCTA5 77061,B01001_002,13206,948
B01001_002,Estimate!!Total!!Male,2017,77063,ZCTA5 77063,B01001_002,20120,1097
B01001_002,Estimate!!Total!!Male,2017,77064,ZCTA5 77064,B01001_002,25152,1364
B01001_002,Estimate!!Total!!Male,2017,77065,ZCTA5 77065,B01001_002,18573,991
B01001_002,Estimate!!Total!!Male,2017,77066,ZCTA5 77066,B01001_002,17424,760
B01001_002,Estimate!!Total!!Male,2017,77070,ZCTA5 77070,B01001_002,24713,1339
B01001_002,Estimate!!Total!!Male,2017,77071,ZCTA5 77071,B01001_002,12839,917
B01001_002,Estimate!!Total!!Male,2017,77072,ZCTA5 77072,B01001_002,31033,1557
B01001_002,Estimate!!Total!!Male,2017,77073,ZCTA5 77073,B01001_002,20729,1400
B01001_002,Estimate!!Total!!Male,2017,77074,ZCTA5 77074,B01001_002,20656,1216
B01001_002,Estimate!!Total!!Male,2017,77075,ZCTA5 77075,B01001_002,21839,1162
B01001_002,Estimate!!Total!!Male,2017,77077,ZCTA5 77077,B01001_002,27439,1145
B01001_002,Estimate!!Total!!Male,2017,77079,ZCTA5 77079,B01001_002,16415,951
B01001_002,Estimate!!Total!!Male,2017,77081,ZCTA5 77081,B01001_002,25906,1006
B01001_002,Estimate!!Total!!Male,2017,77087,ZCTA5 77087,B01001_002,18715,874
B01001_002,Estimate!!Total!!Male,2017,77089,ZCTA5 77089,B01001_002,25846,1181
B01001_002,Estimate!!Total!!Male,2017,77090,ZCTA5 77090,B01001_002,17685,1147
B01001_002,Estimate!!Total!!Male,2017,77091,ZCTA5 77091,B01001_002,12582,849
B01001_002,Estimate!!Total!!Male,2017,77092,ZCTA5 77092,B01001_002,20007,1326
B01001_002,Estimate!!Total!!Male,2017,77096,ZCTA5 77096,B01001_002,17716,1015
B01001_002,Estimate!!Total!!Male,2017,77098,ZCTA5 77098,B01001_002,6648,544
B01001_002,Estimate!!Total!!Male,2017,77099,ZCTA5 77099,B01001_002,25823,1649
B01001_002,Estimate!!Total!!Male,2017,77201,ZCTA5 77201,B01001_002,0,13
B01001_002,Estimate!!Total!!Male,2017,77301,ZCTA5 77301,B01001_002,16016,1060
B01001_002,Estimate!!Total!!Male,2017,77303,ZCTA5 77303,B01001_002,9821,849
B01001_002,Estimate!!Total!!Male,2017,77328,ZCTA5 77328,B01001_002,8226,988
B01001_002,Estimate!!Total!!Male,2017,77339,ZCTA5 77339,B01001_002,20331,864
B01001_002,Estimate!!Total!!Male,2017,77356,ZCTA5 77356,B01001_002,12710,986
B01001_002,Estimate!!Total!!Male,2017,77379,ZCTA5 77379,B01001_002,38899,1219
B01001_002,Estimate!!Total!!Male,2017,77380,ZCTA5 77380,B01001_002,13495,1038
B01001_002,Estimate!!Total!!Male,2017,77381,ZCTA5 77381,B01001_002,17697,700
B01001_002,Estimate!!Total!!Male,2017,77384,ZCTA5 77384,B01001_002,7861,744
B01001_002,Estimate!!Total!!Male,2017,77401,ZCTA5 77401,B01001_002,9169,285
B01001_002,Estimate!!Total!!Male,2017,77433,ZCTA5 77433,B01001_002,38137,1679
B01001_002,Estimate!!Total!!Male,2017,77446,ZCTA5 77446,B01001_002,2153,606
B01001_002,Estimate!!Total!!Male,2017,77450,ZCTA5 77450,B01001_002,35551,1286
B01001_002,Estimate!!Total!!Male,2017,77471,ZCTA5 77471,B01001_002,19450,930
B01001_002,Estimate!!Total!!Male,2017,77474,ZCTA5 77474,B01001_002,6452,358
B01001_002,Estimate!!Total!!Male,2017,77477,ZCTA5 77477,B01001_002,18431,814
B01001_002,Estimate!!Total!!Male,2017,77478,ZCTA5 77478,B01001_002,13032,732
B01001_002,Estimate!!Total!!Male,2017,77479,ZCTA5 77479,B01001_002,43099,1106
B01001_002,Estimate!!Total!!Male,2017,77493,ZCTA5 77493,B01001_002,14794,931
B01001_002,Estimate!!Total!!Male,2017,77498,ZCTA5 77498,B01001_002,25722,1476
B01001_002,Estimate!!Total!!Male,2017,77504,ZCTA5 77504,B01001_002,11373,821
B01001_002,Estimate!!Total!!Male,2017,77505,ZCTA5 77505,B01001_002,12711,752
B01001_002,Estimate!!Total!!Male,2017,77511,ZCTA5 77511,B01001_002,23089,790
B01001_002,Estimate!!Total!!Male,2017,77520,ZCTA5 77520,B01001_002,18647,742
B01001_002,Estimate!!Total!!Male,2017,77550,ZCTA5 77550,B01001_002,11113,566
B01001_002,Estimate!!Total!!Male,2017,77554,ZCTA5 77554,B01001_002,4240,573
B01001_002,Estimate!!Total!!Male,2017,77586,ZCTA5 77586,B01001_002,10831,480
B01001_002,Estimate!!Total!!Male,2017,77591,ZCTA5 77591,B01001_002,6624,634
B01001_026,Estimate!!Total!!Female,2011,77002,ZCTA5 77002,B01001_026,2242,369
B01001_026,Estimate!!Total!!Female,2011,77003,ZCTA5 77003,B01001_026,4869,706
B01001_026,Estimate!!Total!!Female,2011,77004,ZCTA5 77004,B01001_026,14542,1296
B01001_026,Estimate!!Total!!Female,2011,77005,ZCTA5 77005,B01001_026,12919,444
B01001_026,Estimate!!Total!!Female,2011,77006,ZCTA5 77006,B01001_026,8540,573
B01001_026,Estimate!!Total!!Female,2011,77007,ZCTA5 77007,B01001_026,13417,848
B01001_026,Estimate!!Total!!Female,2011,77008,ZCTA5 77008,B01001_026,14607,791
B01001_026,Estimate!!Total!!Female,2011,77009,ZCTA5 77009,B01001_026,18843,922
B01001_026,Estimate!!Total!!Female,2011,77010,ZCTA5 77010,B01001_026,80,70
B01001_026,Estimate!!Total!!Female,2011,77011,ZCTA5 77011,B01001_026,10261,702
B01001_026,Estimate!!Total!!Female,2011,77012,ZCTA5 77012,B01001_026,9690,743
B01001_026,Estimate!!Total!!Female,2011,77016,ZCTA5 77016,B01001_026,13972,716
B01001_026,Estimate!!Total!!Female,2011,77017,ZCTA5 77017,B01001_026,15808,900
B01001_026,Estimate!!Total!!Female,2011,77018,ZCTA5 77018,B01001_026,13376,721
B01001_026,Estimate!!Total!!Female,2011,77019,ZCTA5 77019,B01001_026,9913,556
B01001_026,Estimate!!Total!!Female,2011,77020,ZCTA5 77020,B01001_026,13326,956
B01001_026,Estimate!!Total!!Female,2011,77021,ZCTA5 77021,B01001_026,13480,686
B01001_026,Estimate!!Total!!Female,2011,77022,ZCTA5 77022,B01001_026,15087,977
B01001_026,Estimate!!Total!!Female,2011,77023,ZCTA5 77023,B01001_026,14792,983
B01001_026,Estimate!!Total!!Female,2011,77024,ZCTA5 77024,B01001_026,18230,651
B01001_026,Estimate!!Total!!Female,2011,77025,ZCTA5 77025,B01001_026,12900,673
B01001_026,Estimate!!Total!!Female,2011,77026,ZCTA5 77026,B01001_026,12552,1026
B01001_026,Estimate!!Total!!Female,2011,77027,ZCTA5 77027,B01001_026,7887,652
B01001_026,Estimate!!Total!!Female,2011,77029,ZCTA5 77029,B01001_026,9315,573
B01001_026,Estimate!!Total!!Female,2011,77030,ZCTA5 77030,B01001_026,5849,467
B01001_026,Estimate!!Total!!Female,2011,77032,ZCTA5 77032,B01001_026,7358,625
B01001_026,Estimate!!Total!!Female,2011,77033,ZCTA5 77033,B01001_026,15568,1051
B01001_026,Estimate!!Total!!Female,2011,77035,ZCTA5 77035,B01001_026,19002,1160
B01001_026,Estimate!!Total!!Female,2011,77036,ZCTA5 77036,B01001_026,31168,1339
B01001_026,Estimate!!Total!!Female,2011,77043,ZCTA5 77043,B01001_026,11427,876
B01001_026,Estimate!!Total!!Female,2011,77049,ZCTA5 77049,B01001_026,14242,903
B01001_026,Estimate!!Total!!Female,2011,77054,ZCTA5 77054,B01001_026,10915,737
B01001_026,Estimate!!Total!!Female,2011,77055,ZCTA5 77055,B01001_026,22591,1303
B01001_026,Estimate!!Total!!Female,2011,77056,ZCTA5 77056,B01001_026,8337,733
B01001_026,Estimate!!Total!!Female,2011,77057,ZCTA5 77057,B01001_026,19601,1081
B01001_026,Estimate!!Total!!Female,2011,77058,ZCTA5 77058,B01001_026,7904,668
B01001_026,Estimate!!Total!!Female,2011,77061,ZCTA5 77061,B01001_026,11249,864
B01001_026,Estimate!!Total!!Female,2011,77063,ZCTA5 77063,B01001_026,17184,1116
B01001_026,Estimate!!Total!!Female,2011,77064,ZCTA5 77064,B01001_026,21913,1166
B01001_026,Estimate!!Total!!Female,2011,77065,ZCTA5 77065,B01001_026,18146,842
B01001_026,Estimate!!Total!!Female,2011,77066,ZCTA5 77066,B01001_026,15820,800
B01001_026,Estimate!!Total!!Female,2011,77070,ZCTA5 77070,B01001_026,22358,1207
B01001_026,Estimate!!Total!!Female,2011,77071,ZCTA5 77071,B01001_026,13341,829
B01001_026,Estimate!!Total!!Female,2011,77072,ZCTA5 77072,B01001_026,28047,1352
B01001_026,Estimate!!Total!!Female,2011,77073,ZCTA5 77073,B01001_026,17411,931
B01001_026,Estimate!!Total!!Female,2011,77074,ZCTA5 77074,B01001_026,18972,1017
B01001_026,Estimate!!Total!!Female,2011,77075,ZCTA5 77075,B01001_026,19087,1140
B01001_026,Estimate!!Total!!Female,2011,77077,ZCTA5 77077,B01001_026,27941,1383
B01001_026,Estimate!!Total!!Female,2011,77079,ZCTA5 77079,B01001_026,16202,846
B01001_026,Estimate!!Total!!Female,2011,77081,ZCTA5 77081,B01001_026,19688,1188
B01001_026,Estimate!!Total!!Female,2011,77087,ZCTA5 77087,B01001_026,18303,909
B01001_026,Estimate!!Total!!Female,2011,77089,ZCTA5 77089,B01001_026,25127,1204
B01001_026,Estimate!!Total!!Female,2011,77090,ZCTA5 77090,B01001_026,16711,1141
B01001_026,Estimate!!Total!!Female,2011,77091,ZCTA5 77091,B01001_026,12568,1029
B01001_026,Estimate!!Total!!Female,2011,77092,ZCTA5 77092,B01001_026,17056,1011
B01001_026,Estimate!!Total!!Female,2011,77096,ZCTA5 77096,B01001_026,16842,861
B01001_026,Estimate!!Total!!Female,2011,77098,ZCTA5 77098,B01001_026,5459,537
B01001_026,Estimate!!Total!!Female,2011,77099,ZCTA5 77099,B01001_026,23159,1316
B01001_026,Estimate!!Total!!Female,2011,77201,ZCTA5 77201,B01001_026,0,95
B01001_026,Estimate!!Total!!Female,2011,77301,ZCTA5 77301,B01001_026,15093,824
B01001_026,Estimate!!Total!!Female,2011,77303,ZCTA5 77303,B01001_026,8194,740
B01001_026,Estimate!!Total!!Female,2011,77328,ZCTA5 77328,B01001_026,7206,768
B01001_026,Estimate!!Total!!Female,2011,77339,ZCTA5 77339,B01001_026,19335,849
B01001_026,Estimate!!Total!!Female,2011,77356,ZCTA5 77356,B01001_026,11882,745
B01001_026,Estimate!!Total!!Female,2011,77379,ZCTA5 77379,B01001_026,34350,1399
B01001_026,Estimate!!Total!!Female,2011,77380,ZCTA5 77380,B01001_026,11627,732
B01001_026,Estimate!!Total!!Female,2011,77381,ZCTA5 77381,B01001_026,19404,724
B01001_026,Estimate!!Total!!Female,2011,77384,ZCTA5 77384,B01001_026,6099,650
B01001_026,Estimate!!Total!!Female,2011,77401,ZCTA5 77401,B01001_026,8455,386
B01001_026,Estimate!!Total!!Female,2011,77433,ZCTA5 77433,B01001_026,22416,934
B01001_026,Estimate!!Total!!Female,2011,77446,ZCTA5 77446,B01001_026,2696,295
B01001_026,Estimate!!Total!!Female,2011,77450,ZCTA5 77450,B01001_026,35114,1030
B01001_026,Estimate!!Total!!Female,2011,77471,ZCTA5 77471,B01001_026,18661,666
B01001_026,Estimate!!Total!!Female,2011,77474,ZCTA5 77474,B01001_026,6524,375
B01001_026,Estimate!!Total!!Female,2011,77477,ZCTA5 77477,B01001_026,17813,864
B01001_026,Estimate!!Total!!Female,2011,77478,ZCTA5 77478,B01001_026,11843,585
B01001_026,Estimate!!Total!!Female,2011,77479,ZCTA5 77479,B01001_026,36985,936
B01001_026,Estimate!!Total!!Female,2011,77493,ZCTA5 77493,B01001_026,11304,597
B01001_026,Estimate!!Total!!Female,2011,77498,ZCTA5 77498,B01001_026,25990,969
B01001_026,Estimate!!Total!!Female,2011,77504,ZCTA5 77504,B01001_026,12391,885
B01001_026,Estimate!!Total!!Female,2011,77505,ZCTA5 77505,B01001_026,12200,615
B01001_026,Estimate!!Total!!Female,2011,77511,ZCTA5 77511,B01001_026,22736,875
B01001_026,Estimate!!Total!!Female,2011,77520,ZCTA5 77520,B01001_026,18809,814
B01001_026,Estimate!!Total!!Female,2011,77550,ZCTA5 77550,B01001_026,11911,686
B01001_026,Estimate!!Total!!Female,2011,77554,ZCTA5 77554,B01001_026,4369,376
B01001_026,Estimate!!Total!!Female,2011,77586,ZCTA5 77586,B01001_026,10213,624
B01001_026,Estimate!!Total!!Female,2011,77591,ZCTA5 77591,B01001_026,7170,594
B01001_026,Estimate!!Total!!Female,2012,77002,ZCTA5 77002,B01001_026,2052,286
B01001_026,Estimate!!Total!!Female,2012,77003,ZCTA5 77003,B01001_026,5154,640
B01001_026,Estimate!!Total!!Female,2012,77004,ZCTA5 77004,B01001_026,15158,1078
B01001_026,Estimate!!Total!!Female,2012,77005,ZCTA5 77005,B01001_026,12740,510
B01001_026,Estimate!!Total!!Female,2012,77006,ZCTA5 77006,B01001_026,8816,589
B01001_026,Estimate!!Total!!Female,2012,77007,ZCTA5 77007,B01001_026,14006,849
B01001_026,Estimate!!Total!!Female,2012,77008,ZCTA5 77008,B01001_026,14535,772
B01001_026,Estimate!!Total!!Female,2012,77009,ZCTA5 77009,B01001_026,19369,978
B01001_026,Estimate!!Total!!Female,2012,77010,ZCTA5 77010,B01001_026,157,81
B01001_026,Estimate!!Total!!Female,2012,77011,ZCTA5 77011,B01001_026,9541,744
B01001_026,Estimate!!Total!!Female,2012,77012,ZCTA5 77012,B01001_026,10082,734
B01001_026,Estimate!!Total!!Female,2012,77016,ZCTA5 77016,B01001_026,14568,900
B01001_026,Estimate!!Total!!Female,2012,77017,ZCTA5 77017,B01001_026,15700,895
B01001_026,Estimate!!Total!!Female,2012,77018,ZCTA5 77018,B01001_026,13472,716
B01001_026,Estimate!!Total!!Female,2012,77019,ZCTA5 77019,B01001_026,9666,565
B01001_026,Estimate!!Total!!Female,2012,77020,ZCTA5 77020,B01001_026,12964,810
B01001_026,Estimate!!Total!!Female,2012,77021,ZCTA5 77021,B01001_026,13750,730
B01001_026,Estimate!!Total!!Female,2012,77022,ZCTA5 77022,B01001_026,15015,883
B01001_026,Estimate!!Total!!Female,2012,77023,ZCTA5 77023,B01001_026,14822,996
B01001_026,Estimate!!Total!!Female,2012,77024,ZCTA5 77024,B01001_026,18132,593
B01001_026,Estimate!!Total!!Female,2012,77025,ZCTA5 77025,B01001_026,13443,736
B01001_026,Estimate!!Total!!Female,2012,77026,ZCTA5 77026,B01001_026,12494,986
B01001_026,Estimate!!Total!!Female,2012,77027,ZCTA5 77027,B01001_026,7603,620
B01001_026,Estimate!!Total!!Female,2012,77029,ZCTA5 77029,B01001_026,9010,543
B01001_026,Estimate!!Total!!Female,2012,77030,ZCTA5 77030,B01001_026,5771,525
B01001_026,Estimate!!Total!!Female,2012,77032,ZCTA5 77032,B01001_026,7317,652
B01001_026,Estimate!!Total!!Female,2012,77033,ZCTA5 77033,B01001_026,14882,824
B01001_026,Estimate!!Total!!Female,2012,77035,ZCTA5 77035,B01001_026,18322,1075
B01001_026,Estimate!!Total!!Female,2012,77036,ZCTA5 77036,B01001_026,31689,1655
B01001_026,Estimate!!Total!!Female,2012,77043,ZCTA5 77043,B01001_026,11684,1201
B01001_026,Estimate!!Total!!Female,2012,77049,ZCTA5 77049,B01001_026,14478,995
B01001_026,Estimate!!Total!!Female,2012,77054,ZCTA5 77054,B01001_026,10845,960
B01001_026,Estimate!!Total!!Female,2012,77055,ZCTA5 77055,B01001_026,22440,1040
B01001_026,Estimate!!Total!!Female,2012,77056,ZCTA5 77056,B01001_026,8061,606
B01001_026,Estimate!!Total!!Female,2012,77057,ZCTA5 77057,B01001_026,19447,1247
B01001_026,Estimate!!Total!!Female,2012,77058,ZCTA5 77058,B01001_026,7838,523
B01001_026,Estimate!!Total!!Female,2012,77061,ZCTA5 77061,B01001_026,11502,862
B01001_026,Estimate!!Total!!Female,2012,77063,ZCTA5 77063,B01001_026,18006,1254
B01001_026,Estimate!!Total!!Female,2012,77064,ZCTA5 77064,B01001_026,22445,1348
B01001_026,Estimate!!Total!!Female,2012,77065,ZCTA5 77065,B01001_026,18037,860
B01001_026,Estimate!!Total!!Female,2012,77066,ZCTA5 77066,B01001_026,15782,798
B01001_026,Estimate!!Total!!Female,2012,77070,ZCTA5 77070,B01001_026,22847,1350
B01001_026,Estimate!!Total!!Female,2012,77071,ZCTA5 77071,B01001_026,13595,861
B01001_026,Estimate!!Total!!Female,2012,77072,ZCTA5 77072,B01001_026,26725,1130
B01001_026,Estimate!!Total!!Female,2012,77073,ZCTA5 77073,B01001_026,18122,1120
B01001_026,Estimate!!Total!!Female,2012,77074,ZCTA5 77074,B01001_026,18090,1318
B01001_026,Estimate!!Total!!Female,2012,77075,ZCTA5 77075,B01001_026,19699,1275
B01001_026,Estimate!!Total!!Female,2012,77077,ZCTA5 77077,B01001_026,27756,1426
B01001_026,Estimate!!Total!!Female,2012,77079,ZCTA5 77079,B01001_026,16007,872
B01001_026,Estimate!!Total!!Female,2012,77081,ZCTA5 77081,B01001_026,19176,1299
B01001_026,Estimate!!Total!!Female,2012,77087,ZCTA5 77087,B01001_026,18507,946
B01001_026,Estimate!!Total!!Female,2012,77089,ZCTA5 77089,B01001_026,25692,1101
B01001_026,Estimate!!Total!!Female,2012,77090,ZCTA5 77090,B01001_026,18009,1206
B01001_026,Estimate!!Total!!Female,2012,77091,ZCTA5 77091,B01001_026,12989,907
B01001_026,Estimate!!Total!!Female,2012,77092,ZCTA5 77092,B01001_026,17247,1260
B01001_026,Estimate!!Total!!Female,2012,77096,ZCTA5 77096,B01001_026,17640,815
B01001_026,Estimate!!Total!!Female,2012,77098,ZCTA5 77098,B01001_026,5802,508
B01001_026,Estimate!!Total!!Female,2012,77099,ZCTA5 77099,B01001_026,23420,1319
B01001_026,Estimate!!Total!!Female,2012,77201,ZCTA5 77201,B01001_026,0,13
B01001_026,Estimate!!Total!!Female,2012,77301,ZCTA5 77301,B01001_026,15058,832
B01001_026,Estimate!!Total!!Female,2012,77303,ZCTA5 77303,B01001_026,8778,878
B01001_026,Estimate!!Total!!Female,2012,77328,ZCTA5 77328,B01001_026,7746,790
B01001_026,Estimate!!Total!!Female,2012,77339,ZCTA5 77339,B01001_026,19487,873
B01001_026,Estimate!!Total!!Female,2012,77356,ZCTA5 77356,B01001_026,12467,899
B01001_026,Estimate!!Total!!Female,2012,77379,ZCTA5 77379,B01001_026,35241,1367
B01001_026,Estimate!!Total!!Female,2012,77380,ZCTA5 77380,B01001_026,11952,725
B01001_026,Estimate!!Total!!Female,2012,77381,ZCTA5 77381,B01001_026,18776,749
B01001_026,Estimate!!Total!!Female,2012,77384,ZCTA5 77384,B01001_026,6151,758
B01001_026,Estimate!!Total!!Female,2012,77401,ZCTA5 77401,B01001_026,8682,355
B01001_026,Estimate!!Total!!Female,2012,77433,ZCTA5 77433,B01001_026,26148,1159
B01001_026,Estimate!!Total!!Female,2012,77446,ZCTA5 77446,B01001_026,3000,322
B01001_026,Estimate!!Total!!Female,2012,77450,ZCTA5 77450,B01001_026,36029,1219
B01001_026,Estimate!!Total!!Female,2012,77471,ZCTA5 77471,B01001_026,18770,684
B01001_026,Estimate!!Total!!Female,2012,77474,ZCTA5 77474,B01001_026,6375,350
B01001_026,Estimate!!Total!!Female,2012,77477,ZCTA5 77477,B01001_026,17927,897
B01001_026,Estimate!!Total!!Female,2012,77478,ZCTA5 77478,B01001_026,11959,564
B01001_026,Estimate!!Total!!Female,2012,77479,ZCTA5 77479,B01001_026,37270,1007
B01001_026,Estimate!!Total!!Female,2012,77493,ZCTA5 77493,B01001_026,11416,726
B01001_026,Estimate!!Total!!Female,2012,77498,ZCTA5 77498,B01001_026,26246,1208
B01001_026,Estimate!!Total!!Female,2012,77504,ZCTA5 77504,B01001_026,12339,804
B01001_026,Estimate!!Total!!Female,2012,77505,ZCTA5 77505,B01001_026,12137,724
B01001_026,Estimate!!Total!!Female,2012,77511,ZCTA5 77511,B01001_026,23148,900
B01001_026,Estimate!!Total!!Female,2012,77520,ZCTA5 77520,B01001_026,18940,866
B01001_026,Estimate!!Total!!Female,2012,77550,ZCTA5 77550,B01001_026,11657,595
B01001_026,Estimate!!Total!!Female,2012,77554,ZCTA5 77554,B01001_026,4577,416
B01001_026,Estimate!!Total!!Female,2012,77586,ZCTA5 77586,B01001_026,10904,638
B01001_026,Estimate!!Total!!Female,2012,77591,ZCTA5 77591,B01001_026,7179,506
B01001_026,Estimate!!Total!!Female,2013,77002,ZCTA5 77002,B01001_026,2133,310
B01001_026,Estimate!!Total!!Female,2013,77003,ZCTA5 77003,B01001_026,5174,638
B01001_026,Estimate!!Total!!Female,2013,77004,ZCTA5 77004,B01001_026,15889,886
B01001_026,Estimate!!Total!!Female,2013,77005,ZCTA5 77005,B01001_026,12757,482
B01001_026,Estimate!!Total!!Female,2013,77006,ZCTA5 77006,B01001_026,9370,555
B01001_026,Estimate!!Total!!Female,2013,77007,ZCTA5 77007,B01001_026,14720,876
B01001_026,Estimate!!Total!!Female,2013,77008,ZCTA5 77008,B01001_026,14985,769
B01001_026,Estimate!!Total!!Female,2013,77009,ZCTA5 77009,B01001_026,19380,950
B01001_026,Estimate!!Total!!Female,2013,77010,ZCTA5 77010,B01001_026,258,118
B01001_026,Estimate!!Total!!Female,2013,77011,ZCTA5 77011,B01001_026,9252,860
B01001_026,Estimate!!Total!!Female,2013,77012,ZCTA5 77012,B01001_026,10111,681
B01001_026,Estimate!!Total!!Female,2013,77016,ZCTA5 77016,B01001_026,14179,787
B01001_026,Estimate!!Total!!Female,2013,77017,ZCTA5 77017,B01001_026,15729,808
B01001_026,Estimate!!Total!!Female,2013,77018,ZCTA5 77018,B01001_026,13182,626
B01001_026,Estimate!!Total!!Female,2013,77019,ZCTA5 77019,B01001_026,10075,660
B01001_026,Estimate!!Total!!Female,2013,77020,ZCTA5 77020,B01001_026,13132,856
B01001_026,Estimate!!Total!!Female,2013,77021,ZCTA5 77021,B01001_026,13754,782
B01001_026,Estimate!!Total!!Female,2013,77022,ZCTA5 77022,B01001_026,14675,862
B01001_026,Estimate!!Total!!Female,2013,77023,ZCTA5 77023,B01001_026,14577,881
B01001_026,Estimate!!Total!!Female,2013,77024,ZCTA5 77024,B01001_026,18449,653
B01001_026,Estimate!!Total!!Female,2013,77025,ZCTA5 77025,B01001_026,13659,731
B01001_026,Estimate!!Total!!Female,2013,77026,ZCTA5 77026,B01001_026,11690,910
B01001_026,Estimate!!Total!!Female,2013,77027,ZCTA5 77027,B01001_026,8136,634
B01001_026,Estimate!!Total!!Female,2013,77029,ZCTA5 77029,B01001_026,9203,619
B01001_026,Estimate!!Total!!Female,2013,77030,ZCTA5 77030,B01001_026,6066,574
B01001_026,Estimate!!Total!!Female,2013,77032,ZCTA5 77032,B01001_026,7225,632
B01001_026,Estimate!!Total!!Female,2013,77033,ZCTA5 77033,B01001_026,14916,896
B01001_026,Estimate!!Total!!Female,2013,77035,ZCTA5 77035,B01001_026,19014,1130
B01001_026,Estimate!!Total!!Female,2013,77036,ZCTA5 77036,B01001_026,32061,1644
B01001_026,Estimate!!Total!!Female,2013,77043,ZCTA5 77043,B01001_026,11633,761
B01001_026,Estimate!!Total!!Female,2013,77049,ZCTA5 77049,B01001_026,14549,1177
B01001_026,Estimate!!Total!!Female,2013,77054,ZCTA5 77054,B01001_026,10773,900
B01001_026,Estimate!!Total!!Female,2013,77055,ZCTA5 77055,B01001_026,22392,1024
B01001_026,Estimate!!Total!!Female,2013,77056,ZCTA5 77056,B01001_026,8207,569
B01001_026,Estimate!!Total!!Female,2013,77057,ZCTA5 77057,B01001_026,19466,1025
B01001_026,Estimate!!Total!!Female,2013,77058,ZCTA5 77058,B01001_026,7489,606
B01001_026,Estimate!!Total!!Female,2013,77061,ZCTA5 77061,B01001_026,11862,744
B01001_026,Estimate!!Total!!Female,2013,77063,ZCTA5 77063,B01001_026,17541,961
B01001_026,Estimate!!Total!!Female,2013,77064,ZCTA5 77064,B01001_026,22814,1331
B01001_026,Estimate!!Total!!Female,2013,77065,ZCTA5 77065,B01001_026,18953,871
B01001_026,Estimate!!Total!!Female,2013,77066,ZCTA5 77066,B01001_026,15854,871
B01001_026,Estimate!!Total!!Female,2013,77070,ZCTA5 77070,B01001_026,23663,1127
B01001_026,Estimate!!Total!!Female,2013,77071,ZCTA5 77071,B01001_026,14106,905
B01001_026,Estimate!!Total!!Female,2013,77072,ZCTA5 77072,B01001_026,27401,1138
B01001_026,Estimate!!Total!!Female,2013,77073,ZCTA5 77073,B01001_026,19034,1196
B01001_026,Estimate!!Total!!Female,2013,77074,ZCTA5 77074,B01001_026,18502,1164
B01001_026,Estimate!!Total!!Female,2013,77075,ZCTA5 77075,B01001_026,20297,1207
B01001_026,Estimate!!Total!!Female,2013,77077,ZCTA5 77077,B01001_026,27321,1335
B01001_026,Estimate!!Total!!Female,2013,77079,ZCTA5 77079,B01001_026,16053,884
B01001_026,Estimate!!Total!!Female,2013,77081,ZCTA5 77081,B01001_026,19236,1137
B01001_026,Estimate!!Total!!Female,2013,77087,ZCTA5 77087,B01001_026,18544,933
B01001_026,Estimate!!Total!!Female,2013,77089,ZCTA5 77089,B01001_026,25649,1175
B01001_026,Estimate!!Total!!Female,2013,77090,ZCTA5 77090,B01001_026,18560,1076
B01001_026,Estimate!!Total!!Female,2013,77091,ZCTA5 77091,B01001_026,12815,966
B01001_026,Estimate!!Total!!Female,2013,77092,ZCTA5 77092,B01001_026,17693,1243
B01001_026,Estimate!!Total!!Female,2013,77096,ZCTA5 77096,B01001_026,17902,909
B01001_026,Estimate!!Total!!Female,2013,77098,ZCTA5 77098,B01001_026,5869,536
B01001_026,Estimate!!Total!!Female,2013,77099,ZCTA5 77099,B01001_026,23230,1391
B01001_026,Estimate!!Total!!Female,2013,77201,ZCTA5 77201,B01001_026,0,13
B01001_026,Estimate!!Total!!Female,2013,77301,ZCTA5 77301,B01001_026,15378,708
B01001_026,Estimate!!Total!!Female,2013,77303,ZCTA5 77303,B01001_026,9039,788
B01001_026,Estimate!!Total!!Female,2013,77328,ZCTA5 77328,B01001_026,7711,890
B01001_026,Estimate!!Total!!Female,2013,77339,ZCTA5 77339,B01001_026,20012,907
B01001_026,Estimate!!Total!!Female,2013,77356,ZCTA5 77356,B01001_026,12659,758
B01001_026,Estimate!!Total!!Female,2013,77379,ZCTA5 77379,B01001_026,36111,1191
B01001_026,Estimate!!Total!!Female,2013,77380,ZCTA5 77380,B01001_026,12429,657
B01001_026,Estimate!!Total!!Female,2013,77381,ZCTA5 77381,B01001_026,18930,675
B01001_026,Estimate!!Total!!Female,2013,77384,ZCTA5 77384,B01001_026,6509,709
B01001_026,Estimate!!Total!!Female,2013,77401,ZCTA5 77401,B01001_026,8986,306
B01001_026,Estimate!!Total!!Female,2013,77433,ZCTA5 77433,B01001_026,28174,1264
B01001_026,Estimate!!Total!!Female,2013,77446,ZCTA5 77446,B01001_026,3647,703
B01001_026,Estimate!!Total!!Female,2013,77450,ZCTA5 77450,B01001_026,37224,1245
B01001_026,Estimate!!Total!!Female,2013,77471,ZCTA5 77471,B01001_026,18429,864
B01001_026,Estimate!!Total!!Female,2013,77474,ZCTA5 77474,B01001_026,6439,329
B01001_026,Estimate!!Total!!Female,2013,77477,ZCTA5 77477,B01001_026,18377,849
B01001_026,Estimate!!Total!!Female,2013,77478,ZCTA5 77478,B01001_026,12331,687
B01001_026,Estimate!!Total!!Female,2013,77479,ZCTA5 77479,B01001_026,39533,1034
B01001_026,Estimate!!Total!!Female,2013,77493,ZCTA5 77493,B01001_026,11843,815
B01001_026,Estimate!!Total!!Female,2013,77498,ZCTA5 77498,B01001_026,26260,1263
B01001_026,Estimate!!Total!!Female,2013,77504,ZCTA5 77504,B01001_026,12599,805
B01001_026,Estimate!!Total!!Female,2013,77505,ZCTA5 77505,B01001_026,12033,657
B01001_026,Estimate!!Total!!Female,2013,77511,ZCTA5 77511,B01001_026,23451,999
B01001_026,Estimate!!Total!!Female,2013,77520,ZCTA5 77520,B01001_026,18923,755
B01001_026,Estimate!!Total!!Female,2013,77550,ZCTA5 77550,B01001_026,11883,645
B01001_026,Estimate!!Total!!Female,2013,77554,ZCTA5 77554,B01001_026,4055,435
B01001_026,Estimate!!Total!!Female,2013,77586,ZCTA5 77586,B01001_026,10910,674
B01001_026,Estimate!!Total!!Female,2013,77591,ZCTA5 77591,B01001_026,7550,626
B01001_026,Estimate!!Total!!Female,2014,77002,ZCTA5 77002,B01001_026,1970,248
B01001_026,Estimate!!Total!!Female,2014,77003,ZCTA5 77003,B01001_026,5373,653
B01001_026,Estimate!!Total!!Female,2014,77004,ZCTA5 77004,B01001_026,16999,983
B01001_026,Estimate!!Total!!Female,2014,77005,ZCTA5 77005,B01001_026,12853,394
B01001_026,Estimate!!Total!!Female,2014,77006,ZCTA5 77006,B01001_026,9558,653
B01001_026,Estimate!!Total!!Female,2014,77007,ZCTA5 77007,B01001_026,15206,932
B01001_026,Estimate!!Total!!Female,2014,77008,ZCTA5 77008,B01001_026,15738,931
B01001_026,Estimate!!Total!!Female,2014,77009,ZCTA5 77009,B01001_026,19129,990
B01001_026,Estimate!!Total!!Female,2014,77010,ZCTA5 77010,B01001_026,311,108
B01001_026,Estimate!!Total!!Female,2014,77011,ZCTA5 77011,B01001_026,8810,726
B01001_026,Estimate!!Total!!Female,2014,77012,ZCTA5 77012,B01001_026,9652,724
B01001_026,Estimate!!Total!!Female,2014,77016,ZCTA5 77016,B01001_026,13595,872
B01001_026,Estimate!!Total!!Female,2014,77017,ZCTA5 77017,B01001_026,16700,807
B01001_026,Estimate!!Total!!Female,2014,77018,ZCTA5 77018,B01001_026,13098,685
B01001_026,Estimate!!Total!!Female,2014,77019,ZCTA5 77019,B01001_026,10451,725
B01001_026,Estimate!!Total!!Female,2014,77020,ZCTA5 77020,B01001_026,12463,833
B01001_026,Estimate!!Total!!Female,2014,77021,ZCTA5 77021,B01001_026,13773,737
B01001_026,Estimate!!Total!!Female,2014,77022,ZCTA5 77022,B01001_026,13662,745
B01001_026,Estimate!!Total!!Female,2014,77023,ZCTA5 77023,B01001_026,14510,947
B01001_026,Estimate!!Total!!Female,2014,77024,ZCTA5 77024,B01001_026,18960,795
B01001_026,Estimate!!Total!!Female,2014,77025,ZCTA5 77025,B01001_026,14221,664
B01001_026,Estimate!!Total!!Female,2014,77026,ZCTA5 77026,B01001_026,11832,784
B01001_026,Estimate!!Total!!Female,2014,77027,ZCTA5 77027,B01001_026,8096,646
B01001_026,Estimate!!Total!!Female,2014,77029,ZCTA5 77029,B01001_026,9127,521
B01001_026,Estimate!!Total!!Female,2014,77030,ZCTA5 77030,B01001_026,5880,518
B01001_026,Estimate!!Total!!Female,2014,77032,ZCTA5 77032,B01001_026,6613,607
B01001_026,Estimate!!Total!!Female,2014,77033,ZCTA5 77033,B01001_026,14829,741
B01001_026,Estimate!!Total!!Female,2014,77035,ZCTA5 77035,B01001_026,18370,1053
B01001_026,Estimate!!Total!!Female,2014,77036,ZCTA5 77036,B01001_026,35109,1549
B01001_026,Estimate!!Total!!Female,2014,77043,ZCTA5 77043,B01001_026,12364,943
B01001_026,Estimate!!Total!!Female,2014,77049,ZCTA5 77049,B01001_026,15471,1055
B01001_026,Estimate!!Total!!Female,2014,77054,ZCTA5 77054,B01001_026,11132,847
B01001_026,Estimate!!Total!!Female,2014,77055,ZCTA5 77055,B01001_026,21941,1092
B01001_026,Estimate!!Total!!Female,2014,77056,ZCTA5 77056,B01001_026,8621,548
B01001_026,Estimate!!Total!!Female,2014,77057,ZCTA5 77057,B01001_026,19751,934
B01001_026,Estimate!!Total!!Female,2014,77058,ZCTA5 77058,B01001_026,7973,693
B01001_026,Estimate!!Total!!Female,2014,77061,ZCTA5 77061,B01001_026,12228,830
B01001_026,Estimate!!Total!!Female,2014,77063,ZCTA5 77063,B01001_026,17577,1015
B01001_026,Estimate!!Total!!Female,2014,77064,ZCTA5 77064,B01001_026,23686,1340
B01001_026,Estimate!!Total!!Female,2014,77065,ZCTA5 77065,B01001_026,19451,896
B01001_026,Estimate!!Total!!Female,2014,77066,ZCTA5 77066,B01001_026,16342,917
B01001_026,Estimate!!Total!!Female,2014,77070,ZCTA5 77070,B01001_026,24515,1247
B01001_026,Estimate!!Total!!Female,2014,77071,ZCTA5 77071,B01001_026,14474,1012
B01001_026,Estimate!!Total!!Female,2014,77072,ZCTA5 77072,B01001_026,28450,1207
B01001_026,Estimate!!Total!!Female,2014,77073,ZCTA5 77073,B01001_026,20345,926
B01001_026,Estimate!!Total!!Female,2014,77074,ZCTA5 77074,B01001_026,17794,901
B01001_026,Estimate!!Total!!Female,2014,77075,ZCTA5 77075,B01001_026,21071,1211
B01001_026,Estimate!!Total!!Female,2014,77077,ZCTA5 77077,B01001_026,28070,1319
B01001_026,Estimate!!Total!!Female,2014,77079,ZCTA5 77079,B01001_026,15667,680
B01001_026,Estimate!!Total!!Female,2014,77081,ZCTA5 77081,B01001_026,19995,1097
B01001_026,Estimate!!Total!!Female,2014,77087,ZCTA5 77087,B01001_026,18568,999
B01001_026,Estimate!!Total!!Female,2014,77089,ZCTA5 77089,B01001_026,26098,1128
B01001_026,Estimate!!Total!!Female,2014,77090,ZCTA5 77090,B01001_026,18567,1127
B01001_026,Estimate!!Total!!Female,2014,77091,ZCTA5 77091,B01001_026,12561,883
B01001_026,Estimate!!Total!!Female,2014,77092,ZCTA5 77092,B01001_026,17444,1337
B01001_026,Estimate!!Total!!Female,2014,77096,ZCTA5 77096,B01001_026,18449,811
B01001_026,Estimate!!Total!!Female,2014,77098,ZCTA5 77098,B01001_026,6161,456
B01001_026,Estimate!!Total!!Female,2014,77099,ZCTA5 77099,B01001_026,23801,1314
B01001_026,Estimate!!Total!!Female,2014,77201,ZCTA5 77201,B01001_026,0,13
B01001_026,Estimate!!Total!!Female,2014,77301,ZCTA5 77301,B01001_026,15804,723
B01001_026,Estimate!!Total!!Female,2014,77303,ZCTA5 77303,B01001_026,9770,988
B01001_026,Estimate!!Total!!Female,2014,77328,ZCTA5 77328,B01001_026,8435,878
B01001_026,Estimate!!Total!!Female,2014,77339,ZCTA5 77339,B01001_026,20552,1020
B01001_026,Estimate!!Total!!Female,2014,77356,ZCTA5 77356,B01001_026,12914,824
B01001_026,Estimate!!Total!!Female,2014,77379,ZCTA5 77379,B01001_026,35968,1321
B01001_026,Estimate!!Total!!Female,2014,77380,ZCTA5 77380,B01001_026,12592,837
B01001_026,Estimate!!Total!!Female,2014,77381,ZCTA5 77381,B01001_026,18404,678
B01001_026,Estimate!!Total!!Female,2014,77384,ZCTA5 77384,B01001_026,6386,621
B01001_026,Estimate!!Total!!Female,2014,77401,ZCTA5 77401,B01001_026,9180,338
B01001_026,Estimate!!Total!!Female,2014,77433,ZCTA5 77433,B01001_026,30262,1327
B01001_026,Estimate!!Total!!Female,2014,77446,ZCTA5 77446,B01001_026,3777,682
B01001_026,Estimate!!Total!!Female,2014,77450,ZCTA5 77450,B01001_026,38228,1072
B01001_026,Estimate!!Total!!Female,2014,77471,ZCTA5 77471,B01001_026,18599,802
B01001_026,Estimate!!Total!!Female,2014,77474,ZCTA5 77474,B01001_026,6366,321
B01001_026,Estimate!!Total!!Female,2014,77477,ZCTA5 77477,B01001_026,17906,861
B01001_026,Estimate!!Total!!Female,2014,77478,ZCTA5 77478,B01001_026,12236,726
B01001_026,Estimate!!Total!!Female,2014,77479,ZCTA5 77479,B01001_026,41369,1002
B01001_026,Estimate!!Total!!Female,2014,77493,ZCTA5 77493,B01001_026,12615,827
B01001_026,Estimate!!Total!!Female,2014,77498,ZCTA5 77498,B01001_026,26131,1233
B01001_026,Estimate!!Total!!Female,2014,77504,ZCTA5 77504,B01001_026,11961,772
B01001_026,Estimate!!Total!!Female,2014,77505,ZCTA5 77505,B01001_026,11901,866
B01001_026,Estimate!!Total!!Female,2014,77511,ZCTA5 77511,B01001_026,22508,1158
B01001_026,Estimate!!Total!!Female,2014,77520,ZCTA5 77520,B01001_026,19004,808
B01001_026,Estimate!!Total!!Female,2014,77550,ZCTA5 77550,B01001_026,11595,629
B01001_026,Estimate!!Total!!Female,2014,77554,ZCTA5 77554,B01001_026,4158,587
B01001_026,Estimate!!Total!!Female,2014,77586,ZCTA5 77586,B01001_026,11124,481
B01001_026,Estimate!!Total!!Female,2014,77591,ZCTA5 77591,B01001_026,7291,579
B01001_026,Estimate!!Total!!Female,2015,77002,ZCTA5 77002,B01001_026,2267,318
B01001_026,Estimate!!Total!!Female,2015,77003,ZCTA5 77003,B01001_026,5170,643
B01001_026,Estimate!!Total!!Female,2015,77004,ZCTA5 77004,B01001_026,17902,1031
B01001_026,Estimate!!Total!!Female,2015,77005,ZCTA5 77005,B01001_026,13392,477
B01001_026,Estimate!!Total!!Female,2015,77006,ZCTA5 77006,B01001_026,9680,686
B01001_026,Estimate!!Total!!Female,2015,77007,ZCTA5 77007,B01001_026,15797,781
B01001_026,Estimate!!Total!!Female,2015,77008,ZCTA5 77008,B01001_026,15808,823
B01001_026,Estimate!!Total!!Female,2015,77009,ZCTA5 77009,B01001_026,18674,1042
B01001_026,Estimate!!Total!!Female,2015,77010,ZCTA5 77010,B01001_026,408,117
B01001_026,Estimate!!Total!!Female,2015,77011,ZCTA5 77011,B01001_026,8662,717
B01001_026,Estimate!!Total!!Female,2015,77012,ZCTA5 77012,B01001_026,9446,833
B01001_026,Estimate!!Total!!Female,2015,77016,ZCTA5 77016,B01001_026,13720,1027
B01001_026,Estimate!!Total!!Female,2015,77017,ZCTA5 77017,B01001_026,16726,918
B01001_026,Estimate!!Total!!Female,2015,77018,ZCTA5 77018,B01001_026,13482,704
B01001_026,Estimate!!Total!!Female,2015,77019,ZCTA5 77019,B01001_026,10760,670
B01001_026,Estimate!!Total!!Female,2015,77020,ZCTA5 77020,B01001_026,12331,679
B01001_026,Estimate!!Total!!Female,2015,77021,ZCTA5 77021,B01001_026,13918,912
B01001_026,Estimate!!Total!!Female,2015,77022,ZCTA5 77022,B01001_026,14010,830
B01001_026,Estimate!!Total!!Female,2015,77023,ZCTA5 77023,B01001_026,14270,817
B01001_026,Estimate!!Total!!Female,2015,77024,ZCTA5 77024,B01001_026,18964,646
B01001_026,Estimate!!Total!!Female,2015,77025,ZCTA5 77025,B01001_026,14759,669
B01001_026,Estimate!!Total!!Female,2015,77026,ZCTA5 77026,B01001_026,11369,919
B01001_026,Estimate!!Total!!Female,2015,77027,ZCTA5 77027,B01001_026,8307,717
B01001_026,Estimate!!Total!!Female,2015,77029,ZCTA5 77029,B01001_026,9015,575
B01001_026,Estimate!!Total!!Female,2015,77030,ZCTA5 77030,B01001_026,5531,495
B01001_026,Estimate!!Total!!Female,2015,77032,ZCTA5 77032,B01001_026,6832,748
B01001_026,Estimate!!Total!!Female,2015,77033,ZCTA5 77033,B01001_026,14387,722
B01001_026,Estimate!!Total!!Female,2015,77035,ZCTA5 77035,B01001_026,18789,1197
B01001_026,Estimate!!Total!!Female,2015,77036,ZCTA5 77036,B01001_026,36181,1489
B01001_026,Estimate!!Total!!Female,2015,77043,ZCTA5 77043,B01001_026,12564,889
B01001_026,Estimate!!Total!!Female,2015,77049,ZCTA5 77049,B01001_026,16071,1119
B01001_026,Estimate!!Total!!Female,2015,77054,ZCTA5 77054,B01001_026,10903,1063
B01001_026,Estimate!!Total!!Female,2015,77055,ZCTA5 77055,B01001_026,21387,1023
B01001_026,Estimate!!Total!!Female,2015,77056,ZCTA5 77056,B01001_026,8965,794
B01001_026,Estimate!!Total!!Female,2015,77057,ZCTA5 77057,B01001_026,19690,980
B01001_026,Estimate!!Total!!Female,2015,77058,ZCTA5 77058,B01001_026,8046,515
B01001_026,Estimate!!Total!!Female,2015,77061,ZCTA5 77061,B01001_026,12128,857
B01001_026,Estimate!!Total!!Female,2015,77063,ZCTA5 77063,B01001_026,17930,1146
B01001_026,Estimate!!Total!!Female,2015,77064,ZCTA5 77064,B01001_026,23888,1178
B01001_026,Estimate!!Total!!Female,2015,77065,ZCTA5 77065,B01001_026,19873,1012
B01001_026,Estimate!!Total!!Female,2015,77066,ZCTA5 77066,B01001_026,16007,838
B01001_026,Estimate!!Total!!Female,2015,77070,ZCTA5 77070,B01001_026,25563,1353
B01001_026,Estimate!!Total!!Female,2015,77071,ZCTA5 77071,B01001_026,15002,894
B01001_026,Estimate!!Total!!Female,2015,77072,ZCTA5 77072,B01001_026,28920,1339
B01001_026,Estimate!!Total!!Female,2015,77073,ZCTA5 77073,B01001_026,20786,1199
B01001_026,Estimate!!Total!!Female,2015,77074,ZCTA5 77074,B01001_026,17792,1014
B01001_026,Estimate!!Total!!Female,2015,77075,ZCTA5 77075,B01001_026,21821,1308
B01001_026,Estimate!!Total!!Female,2015,77077,ZCTA5 77077,B01001_026,28831,1389
B01001_026,Estimate!!Total!!Female,2015,77079,ZCTA5 77079,B01001_026,16860,832
B01001_026,Estimate!!Total!!Female,2015,77081,ZCTA5 77081,B01001_026,20892,1072
B01001_026,Estimate!!Total!!Female,2015,77087,ZCTA5 77087,B01001_026,18369,932
B01001_026,Estimate!!Total!!Female,2015,77089,ZCTA5 77089,B01001_026,26301,1176
B01001_026,Estimate!!Total!!Female,2015,77090,ZCTA5 77090,B01001_026,19413,1258
B01001_026,Estimate!!Total!!Female,2015,77091,ZCTA5 77091,B01001_026,12503,840
B01001_026,Estimate!!Total!!Female,2015,77092,ZCTA5 77092,B01001_026,18985,1277
B01001_026,Estimate!!Total!!Female,2015,77096,ZCTA5 77096,B01001_026,18201,943
B01001_026,Estimate!!Total!!Female,2015,77098,ZCTA5 77098,B01001_026,6105,547
B01001_026,Estimate!!Total!!Female,2015,77099,ZCTA5 77099,B01001_026,23821,1221
B01001_026,Estimate!!Total!!Female,2015,77201,ZCTA5 77201,B01001_026,0,13
B01001_026,Estimate!!Total!!Female,2015,77301,ZCTA5 77301,B01001_026,15832,788
B01001_026,Estimate!!Total!!Female,2015,77303,ZCTA5 77303,B01001_026,9596,948
B01001_026,Estimate!!Total!!Female,2015,77328,ZCTA5 77328,B01001_026,7958,866
B01001_026,Estimate!!Total!!Female,2015,77339,ZCTA5 77339,B01001_026,20167,853
B01001_026,Estimate!!Total!!Female,2015,77356,ZCTA5 77356,B01001_026,13399,864
B01001_026,Estimate!!Total!!Female,2015,77379,ZCTA5 77379,B01001_026,37803,1174
B01001_026,Estimate!!Total!!Female,2015,77380,ZCTA5 77380,B01001_026,12989,891
B01001_026,Estimate!!Total!!Female,2015,77381,ZCTA5 77381,B01001_026,18959,628
B01001_026,Estimate!!Total!!Female,2015,77384,ZCTA5 77384,B01001_026,7085,798
B01001_026,Estimate!!Total!!Female,2015,77401,ZCTA5 77401,B01001_026,9376,334
B01001_026,Estimate!!Total!!Female,2015,77433,ZCTA5 77433,B01001_026,32282,1286
B01001_026,Estimate!!Total!!Female,2015,77446,ZCTA5 77446,B01001_026,3898,632
B01001_026,Estimate!!Total!!Female,2015,77450,ZCTA5 77450,B01001_026,39228,1222
B01001_026,Estimate!!Total!!Female,2015,77471,ZCTA5 77471,B01001_026,19631,1131
B01001_026,Estimate!!Total!!Female,2015,77474,ZCTA5 77474,B01001_026,6365,335
B01001_026,Estimate!!Total!!Female,2015,77477,ZCTA5 77477,B01001_026,18025,847
B01001_026,Estimate!!Total!!Female,2015,77478,ZCTA5 77478,B01001_026,12315,735
B01001_026,Estimate!!Total!!Female,2015,77479,ZCTA5 77479,B01001_026,42634,1231
B01001_026,Estimate!!Total!!Female,2015,77493,ZCTA5 77493,B01001_026,13254,714
B01001_026,Estimate!!Total!!Female,2015,77498,ZCTA5 77498,B01001_026,25273,1248
B01001_026,Estimate!!Total!!Female,2015,77504,ZCTA5 77504,B01001_026,11618,814
B01001_026,Estimate!!Total!!Female,2015,77505,ZCTA5 77505,B01001_026,11369,561
B01001_026,Estimate!!Total!!Female,2015,77511,ZCTA5 77511,B01001_026,22721,1125
B01001_026,Estimate!!Total!!Female,2015,77520,ZCTA5 77520,B01001_026,19331,725
B01001_026,Estimate!!Total!!Female,2015,77550,ZCTA5 77550,B01001_026,11831,574
B01001_026,Estimate!!Total!!Female,2015,77554,ZCTA5 77554,B01001_026,3942,508
B01001_026,Estimate!!Total!!Female,2015,77586,ZCTA5 77586,B01001_026,11207,460
B01001_026,Estimate!!Total!!Female,2015,77591,ZCTA5 77591,B01001_026,7134,663
B01001_026,Estimate!!Total!!Female,2016,77002,ZCTA5 77002,B01001_026,2009,300
B01001_026,Estimate!!Total!!Female,2016,77003,ZCTA5 77003,B01001_026,4792,610
B01001_026,Estimate!!Total!!Female,2016,77004,ZCTA5 77004,B01001_026,18471,1038
B01001_026,Estimate!!Total!!Female,2016,77005,ZCTA5 77005,B01001_026,13790,505
B01001_026,Estimate!!Total!!Female,2016,77006,ZCTA5 77006,B01001_026,9430,684
B01001_026,Estimate!!Total!!Female,2016,77007,ZCTA5 77007,B01001_026,16865,947
B01001_026,Estimate!!Total!!Female,2016,77008,ZCTA5 77008,B01001_026,16278,917
B01001_026,Estimate!!Total!!Female,2016,77009,ZCTA5 77009,B01001_026,18298,1065
B01001_026,Estimate!!Total!!Female,2016,77010,ZCTA5 77010,B01001_026,397,107
B01001_026,Estimate!!Total!!Female,2016,77011,ZCTA5 77011,B01001_026,8290,781
B01001_026,Estimate!!Total!!Female,2016,77012,ZCTA5 77012,B01001_026,9303,798
B01001_026,Estimate!!Total!!Female,2016,77016,ZCTA5 77016,B01001_026,13865,1247
B01001_026,Estimate!!Total!!Female,2016,77017,ZCTA5 77017,B01001_026,16461,803
B01001_026,Estimate!!Total!!Female,2016,77018,ZCTA5 77018,B01001_026,13936,560
B01001_026,Estimate!!Total!!Female,2016,77019,ZCTA5 77019,B01001_026,10832,814
B01001_026,Estimate!!Total!!Female,2016,77020,ZCTA5 77020,B01001_026,12490,696
B01001_026,Estimate!!Total!!Female,2016,77021,ZCTA5 77021,B01001_026,14013,768
B01001_026,Estimate!!Total!!Female,2016,77022,ZCTA5 77022,B01001_026,13816,642
B01001_026,Estimate!!Total!!Female,2016,77023,ZCTA5 77023,B01001_026,13942,792
B01001_026,Estimate!!Total!!Female,2016,77024,ZCTA5 77024,B01001_026,19656,633
B01001_026,Estimate!!Total!!Female,2016,77025,ZCTA5 77025,B01001_026,14765,716
B01001_026,Estimate!!Total!!Female,2016,77026,ZCTA5 77026,B01001_026,11540,864
B01001_026,Estimate!!Total!!Female,2016,77027,ZCTA5 77027,B01001_026,8233,552
B01001_026,Estimate!!Total!!Female,2016,77029,ZCTA5 77029,B01001_026,9131,567
B01001_026,Estimate!!Total!!Female,2016,77030,ZCTA5 77030,B01001_026,5662,491
B01001_026,Estimate!!Total!!Female,2016,77032,ZCTA5 77032,B01001_026,7093,741
B01001_026,Estimate!!Total!!Female,2016,77033,ZCTA5 77033,B01001_026,14582,811
B01001_026,Estimate!!Total!!Female,2016,77035,ZCTA5 77035,B01001_026,19048,1037
B01001_026,Estimate!!Total!!Female,2016,77036,ZCTA5 77036,B01001_026,37418,1297
B01001_026,Estimate!!Total!!Female,2016,77043,ZCTA5 77043,B01001_026,12896,1006
B01001_026,Estimate!!Total!!Female,2016,77049,ZCTA5 77049,B01001_026,17123,1155
B01001_026,Estimate!!Total!!Female,2016,77054,ZCTA5 77054,B01001_026,11051,946
B01001_026,Estimate!!Total!!Female,2016,77055,ZCTA5 77055,B01001_026,21586,1029
B01001_026,Estimate!!Total!!Female,2016,77056,ZCTA5 77056,B01001_026,9627,708
B01001_026,Estimate!!Total!!Female,2016,77057,ZCTA5 77057,B01001_026,18622,798
B01001_026,Estimate!!Total!!Female,2016,77058,ZCTA5 77058,B01001_026,8116,597
B01001_026,Estimate!!Total!!Female,2016,77061,ZCTA5 77061,B01001_026,12615,749
B01001_026,Estimate!!Total!!Female,2016,77063,ZCTA5 77063,B01001_026,18234,1147
B01001_026,Estimate!!Total!!Female,2016,77064,ZCTA5 77064,B01001_026,23820,977
B01001_026,Estimate!!Total!!Female,2016,77065,ZCTA5 77065,B01001_026,20406,1208
B01001_026,Estimate!!Total!!Female,2016,77066,ZCTA5 77066,B01001_026,15551,653
B01001_026,Estimate!!Total!!Female,2016,77070,ZCTA5 77070,B01001_026,25209,1062
B01001_026,Estimate!!Total!!Female,2016,77071,ZCTA5 77071,B01001_026,14834,950
B01001_026,Estimate!!Total!!Female,2016,77072,ZCTA5 77072,B01001_026,30916,1423
B01001_026,Estimate!!Total!!Female,2016,77073,ZCTA5 77073,B01001_026,22040,1226
B01001_026,Estimate!!Total!!Female,2016,77074,ZCTA5 77074,B01001_026,18317,1050
B01001_026,Estimate!!Total!!Female,2016,77075,ZCTA5 77075,B01001_026,21402,1040
B01001_026,Estimate!!Total!!Female,2016,77077,ZCTA5 77077,B01001_026,29756,1185
B01001_026,Estimate!!Total!!Female,2016,77079,ZCTA5 77079,B01001_026,17177,982
B01001_026,Estimate!!Total!!Female,2016,77081,ZCTA5 77081,B01001_026,22147,1163
B01001_026,Estimate!!Total!!Female,2016,77087,ZCTA5 77087,B01001_026,17515,1050
B01001_026,Estimate!!Total!!Female,2016,77089,ZCTA5 77089,B01001_026,26193,1044
B01001_026,Estimate!!Total!!Female,2016,77090,ZCTA5 77090,B01001_026,20857,1333
B01001_026,Estimate!!Total!!Female,2016,77091,ZCTA5 77091,B01001_026,12014,857
B01001_026,Estimate!!Total!!Female,2016,77092,ZCTA5 77092,B01001_026,19287,1200
B01001_026,Estimate!!Total!!Female,2016,77096,ZCTA5 77096,B01001_026,18626,760
B01001_026,Estimate!!Total!!Female,2016,77098,ZCTA5 77098,B01001_026,6538,520
B01001_026,Estimate!!Total!!Female,2016,77099,ZCTA5 77099,B01001_026,25862,1181
B01001_026,Estimate!!Total!!Female,2016,77201,ZCTA5 77201,B01001_026,0,13
B01001_026,Estimate!!Total!!Female,2016,77301,ZCTA5 77301,B01001_026,15614,767
B01001_026,Estimate!!Total!!Female,2016,77303,ZCTA5 77303,B01001_026,10136,825
B01001_026,Estimate!!Total!!Female,2016,77328,ZCTA5 77328,B01001_026,7684,808
B01001_026,Estimate!!Total!!Female,2016,77339,ZCTA5 77339,B01001_026,20921,1063
B01001_026,Estimate!!Total!!Female,2016,77356,ZCTA5 77356,B01001_026,13213,850
B01001_026,Estimate!!Total!!Female,2016,77379,ZCTA5 77379,B01001_026,39401,1367
B01001_026,Estimate!!Total!!Female,2016,77380,ZCTA5 77380,B01001_026,13199,790
B01001_026,Estimate!!Total!!Female,2016,77381,ZCTA5 77381,B01001_026,19096,705
B01001_026,Estimate!!Total!!Female,2016,77384,ZCTA5 77384,B01001_026,8289,926
B01001_026,Estimate!!Total!!Female,2016,77401,ZCTA5 77401,B01001_026,9551,305
B01001_026,Estimate!!Total!!Female,2016,77433,ZCTA5 77433,B01001_026,34066,1271
B01001_026,Estimate!!Total!!Female,2016,77446,ZCTA5 77446,B01001_026,3735,657
B01001_026,Estimate!!Total!!Female,2016,77450,ZCTA5 77450,B01001_026,38960,1331
B01001_026,Estimate!!Total!!Female,2016,77471,ZCTA5 77471,B01001_026,18693,898
B01001_026,Estimate!!Total!!Female,2016,77474,ZCTA5 77474,B01001_026,6343,316
B01001_026,Estimate!!Total!!Female,2016,77477,ZCTA5 77477,B01001_026,18450,786
B01001_026,Estimate!!Total!!Female,2016,77478,ZCTA5 77478,B01001_026,12835,631
B01001_026,Estimate!!Total!!Female,2016,77479,ZCTA5 77479,B01001_026,43756,1284
B01001_026,Estimate!!Total!!Female,2016,77493,ZCTA5 77493,B01001_026,13772,842
B01001_026,Estimate!!Total!!Female,2016,77498,ZCTA5 77498,B01001_026,25119,1293
B01001_026,Estimate!!Total!!Female,2016,77504,ZCTA5 77504,B01001_026,11905,806
B01001_026,Estimate!!Total!!Female,2016,77505,ZCTA5 77505,B01001_026,11830,852
B01001_026,Estimate!!Total!!Female,2016,77511,ZCTA5 77511,B01001_026,23263,1130
B01001_026,Estimate!!Total!!Female,2016,77520,ZCTA5 77520,B01001_026,18798,739
B01001_026,Estimate!!Total!!Female,2016,77550,ZCTA5 77550,B01001_026,11573,590
B01001_026,Estimate!!Total!!Female,2016,77554,ZCTA5 77554,B01001_026,3946,514
B01001_026,Estimate!!Total!!Female,2016,77586,ZCTA5 77586,B01001_026,11475,529
B01001_026,Estimate!!Total!!Female,2016,77591,ZCTA5 77591,B01001_026,7336,556
B01001_026,Estimate!!Total!!Female,2017,77002,ZCTA5 77002,B01001_026,1935,414
B01001_026,Estimate!!Total!!Female,2017,77003,ZCTA5 77003,B01001_026,4514,493
B01001_026,Estimate!!Total!!Female,2017,77004,ZCTA5 77004,B01001_026,18796,955
B01001_026,Estimate!!Total!!Female,2017,77005,ZCTA5 77005,B01001_026,14182,536
B01001_026,Estimate!!Total!!Female,2017,77006,ZCTA5 77006,B01001_026,9755,632
B01001_026,Estimate!!Total!!Female,2017,77007,ZCTA5 77007,B01001_026,17306,947
B01001_026,Estimate!!Total!!Female,2017,77008,ZCTA5 77008,B01001_026,17092,765
B01001_026,Estimate!!Total!!Female,2017,77009,ZCTA5 77009,B01001_026,17762,870
B01001_026,Estimate!!Total!!Female,2017,77010,ZCTA5 77010,B01001_026,430,99
B01001_026,Estimate!!Total!!Female,2017,77011,ZCTA5 77011,B01001_026,8383,755
B01001_026,Estimate!!Total!!Female,2017,77012,ZCTA5 77012,B01001_026,9278,773
B01001_026,Estimate!!Total!!Female,2017,77016,ZCTA5 77016,B01001_026,14711,994
B01001_026,Estimate!!Total!!Female,2017,77017,ZCTA5 77017,B01001_026,16345,777
B01001_026,Estimate!!Total!!Female,2017,77018,ZCTA5 77018,B01001_026,13863,695
B01001_026,Estimate!!Total!!Female,2017,77019,ZCTA5 77019,B01001_026,11498,697
B01001_026,Estimate!!Total!!Female,2017,77020,ZCTA5 77020,B01001_026,12354,786
B01001_026,Estimate!!Total!!Female,2017,77021,ZCTA5 77021,B01001_026,14188,841
B01001_026,Estimate!!Total!!Female,2017,77022,ZCTA5 77022,B01001_026,13508,944
B01001_026,Estimate!!Total!!Female,2017,77023,ZCTA5 77023,B01001_026,14300,670
B01001_026,Estimate!!Total!!Female,2017,77024,ZCTA5 77024,B01001_026,19563,742
B01001_026,Estimate!!Total!!Female,2017,77025,ZCTA5 77025,B01001_026,14909,671
B01001_026,Estimate!!Total!!Female,2017,77026,ZCTA5 77026,B01001_026,11114,787
B01001_026,Estimate!!Total!!Female,2017,77027,ZCTA5 77027,B01001_026,8485,686
B01001_026,Estimate!!Total!!Female,2017,77029,ZCTA5 77029,B01001_026,9356,681
B01001_026,Estimate!!Total!!Female,2017,77030,ZCTA5 77030,B01001_026,5706,502
B01001_026,Estimate!!Total!!Female,2017,77032,ZCTA5 77032,B01001_026,7490,736
B01001_026,Estimate!!Total!!Female,2017,77033,ZCTA5 77033,B01001_026,15741,788
B01001_026,Estimate!!Total!!Female,2017,77035,ZCTA5 77035,B01001_026,19669,1196
B01001_026,Estimate!!Total!!Female,2017,77036,ZCTA5 77036,B01001_026,37025,1609
B01001_026,Estimate!!Total!!Female,2017,77043,ZCTA5 77043,B01001_026,12657,798
B01001_026,Estimate!!Total!!Female,2017,77049,ZCTA5 77049,B01001_026,17454,992
B01001_026,Estimate!!Total!!Female,2017,77054,ZCTA5 77054,B01001_026,11028,1021
B01001_026,Estimate!!Total!!Female,2017,77055,ZCTA5 77055,B01001_026,21558,957
B01001_026,Estimate!!Total!!Female,2017,77056,ZCTA5 77056,B01001_026,10278,631
B01001_026,Estimate!!Total!!Female,2017,77057,ZCTA5 77057,B01001_026,19375,821
B01001_026,Estimate!!Total!!Female,2017,77058,ZCTA5 77058,B01001_026,8194,531
B01001_026,Estimate!!Total!!Female,2017,77061,ZCTA5 77061,B01001_026,13070,934
B01001_026,Estimate!!Total!!Female,2017,77063,ZCTA5 77063,B01001_026,18811,969
B01001_026,Estimate!!Total!!Female,2017,77064,ZCTA5 77064,B01001_026,24426,1245
B01001_026,Estimate!!Total!!Female,2017,77065,ZCTA5 77065,B01001_026,20247,1139
B01001_026,Estimate!!Total!!Female,2017,77066,ZCTA5 77066,B01001_026,16372,740
B01001_026,Estimate!!Total!!Female,2017,77070,ZCTA5 77070,B01001_026,26367,1169
B01001_026,Estimate!!Total!!Female,2017,77071,ZCTA5 77071,B01001_026,15142,976
B01001_026,Estimate!!Total!!Female,2017,77072,ZCTA5 77072,B01001_026,31129,1523
B01001_026,Estimate!!Total!!Female,2017,77073,ZCTA5 77073,B01001_026,22051,1037
B01001_026,Estimate!!Total!!Female,2017,77074,ZCTA5 77074,B01001_026,19259,964
B01001_026,Estimate!!Total!!Female,2017,77075,ZCTA5 77075,B01001_026,21747,1221
B01001_026,Estimate!!Total!!Female,2017,77077,ZCTA5 77077,B01001_026,30318,1518
B01001_026,Estimate!!Total!!Female,2017,77079,ZCTA5 77079,B01001_026,17162,1139
B01001_026,Estimate!!Total!!Female,2017,77081,ZCTA5 77081,B01001_026,23153,1071
B01001_026,Estimate!!Total!!Female,2017,77087,ZCTA5 77087,B01001_026,18485,1158
B01001_026,Estimate!!Total!!Female,2017,77089,ZCTA5 77089,B01001_026,26853,1080
B01001_026,Estimate!!Total!!Female,2017,77090,ZCTA5 77090,B01001_026,20676,1311
B01001_026,Estimate!!Total!!Female,2017,77091,ZCTA5 77091,B01001_026,12695,801
B01001_026,Estimate!!Total!!Female,2017,77092,ZCTA5 77092,B01001_026,18469,999
B01001_026,Estimate!!Total!!Female,2017,77096,ZCTA5 77096,B01001_026,17749,887
B01001_026,Estimate!!Total!!Female,2017,77098,ZCTA5 77098,B01001_026,6796,534
B01001_026,Estimate!!Total!!Female,2017,77099,ZCTA5 77099,B01001_026,26082,1521
B01001_026,Estimate!!Total!!Female,2017,77201,ZCTA5 77201,B01001_026,0,13
B01001_026,Estimate!!Total!!Female,2017,77301,ZCTA5 77301,B01001_026,15785,809
B01001_026,Estimate!!Total!!Female,2017,77303,ZCTA5 77303,B01001_026,9874,734
B01001_026,Estimate!!Total!!Female,2017,77328,ZCTA5 77328,B01001_026,7637,691
B01001_026,Estimate!!Total!!Female,2017,77339,ZCTA5 77339,B01001_026,21072,841
B01001_026,Estimate!!Total!!Female,2017,77356,ZCTA5 77356,B01001_026,13178,836
B01001_026,Estimate!!Total!!Female,2017,77379,ZCTA5 77379,B01001_026,39327,1428
B01001_026,Estimate!!Total!!Female,2017,77380,ZCTA5 77380,B01001_026,13196,887
B01001_026,Estimate!!Total!!Female,2017,77381,ZCTA5 77381,B01001_026,19222,702
B01001_026,Estimate!!Total!!Female,2017,77384,ZCTA5 77384,B01001_026,8611,1073
B01001_026,Estimate!!Total!!Female,2017,77401,ZCTA5 77401,B01001_026,9893,300
B01001_026,Estimate!!Total!!Female,2017,77433,ZCTA5 77433,B01001_026,36871,1608
B01001_026,Estimate!!Total!!Female,2017,77446,ZCTA5 77446,B01001_026,3942,695
B01001_026,Estimate!!Total!!Female,2017,77450,ZCTA5 77450,B01001_026,39080,1157
B01001_026,Estimate!!Total!!Female,2017,77471,ZCTA5 77471,B01001_026,19387,906
B01001_026,Estimate!!Total!!Female,2017,77474,ZCTA5 77474,B01001_026,6541,420
B01001_026,Estimate!!Total!!Female,2017,77477,ZCTA5 77477,B01001_026,18501,984
B01001_026,Estimate!!Total!!Female,2017,77478,ZCTA5 77478,B01001_026,12814,717
B01001_026,Estimate!!Total!!Female,2017,77479,ZCTA5 77479,B01001_026,45504,1327
B01001_026,Estimate!!Total!!Female,2017,77493,ZCTA5 77493,B01001_026,15190,916
B01001_026,Estimate!!Total!!Female,2017,77498,ZCTA5 77498,B01001_026,25315,1074
B01001_026,Estimate!!Total!!Female,2017,77504,ZCTA5 77504,B01001_026,11954,772
B01001_026,Estimate!!Total!!Female,2017,77505,ZCTA5 77505,B01001_026,11519,780
B01001_026,Estimate!!Total!!Female,2017,77511,ZCTA5 77511,B01001_026,23032,1280
B01001_026,Estimate!!Total!!Female,2017,77520,ZCTA5 77520,B01001_026,18047,784
B01001_026,Estimate!!Total!!Female,2017,77550,ZCTA5 77550,B01001_026,10957,617
B01001_026,Estimate!!Total!!Female,2017,77554,ZCTA5 77554,B01001_026,4009,492
B01001_026,Estimate!!Total!!Female,2017,77586,ZCTA5 77586,B01001_026,11351,493
B01001_026,Estimate!!Total!!Female,2017,77591,ZCTA5 77591,B01001_026,7449,687
